,bin,time(ms),not first & no update & correct,not first & update & correct,
206993057,1,0,5.3503,5.2071,
206993057,2,25,5.2463,5.2155,
206993057,3,51,5.2787,5.1699,
206993057,4,76,5.4116,5.1271,
206993057,5,101,5.4477,5.2447,
206993057,6,126,5.5628,5.1955,
206993057,7,152,5.6472,5.3078,
206993057,8,177,5.6457,5.2711,
206993057,9,202,5.5278,5.201,
206993057,10,228,5.6315,5.2512,
206993057,11,253,5.5728,5.1835,
206993057,12,278,5.4392,5.3114,
206993057,13,303,5.4268,5.2485,
206993057,14,329,5.5278,5.3194,
206993057,15,354,5.5066,5.2816,
206993057,16,379,5.5372,5.2135,
206993057,17,405,5.5604,5.3202,
206993057,18,430,5.4796,5.277,
206993057,19,455,5.5574,5.3054,
206993057,20,480,5.607,5.2826,
206993057,21,506,5.53,5.2184,
206993057,22,531,5.5376,5.2473,
206993057,23,556,5.4363,5.2144,
206993057,24,582,5.545,5.1796,
206993057,25,607,5.5257,5.1983,
206993057,26,632,5.5309,5.1762,
206993057,27,657,5.5361,5.1911,
206993057,28,683,5.5758,5.2315,
206993057,29,708,5.4644,5.2495,
206993057,30,733,5.4886,5.2033,
206993057,31,759,5.5429,5.3596,
206993057,32,784,5.5321,5.2148,
206993057,33,809,5.4454,5.2568,
206993057,34,834,5.482,5.255,
206993057,35,860,5.538,5.2616,
206993057,36,885,5.4812,5.2493,
206993057,37,910,5.5756,5.263,
206993057,38,936,5.6009,5.3431,
206993057,39,961,5.4804,5.2919,
206993057,40,986,5.5207,5.4211,
206993057,41,1011,5.5025,5.4382,
206993057,42,1037,5.4958,5.3924,
206993057,43,1062,5.4806,5.2166,
206993057,44,1087,5.5632,5.3209,
206993057,45,1113,5.5204,5.3176,
206993057,46,1138,5.5588,5.3077,
206993057,47,1163,5.5932,5.3201,
206993057,48,1189,5.556,5.329,
206993057,49,1214,5.5673,5.2288,
206993057,50,1239,5.6143,5.313,
206993057,51,1264,5.6197,5.2938,
206993057,52,1290,5.6127,5.4042,
206993057,53,1315,5.5019,5.3822,
206993057,54,1340,5.5546,5.3896,
206993057,55,1366,5.532,5.388,
206993057,56,1391,5.6183,5.3096,
206993057,57,1416,5.5351,5.3263,
206993057,58,1441,5.5166,5.3001,
206993057,59,1467,5.5361,5.3207,
206993057,60,1492,5.5309,5.2868,
206993057,61,1517,5.5777,5.3941,
206993057,62,1543,5.6045,5.3266,
206993057,63,1568,5.5029,5.3276,
206993057,64,1593,5.4768,5.2037,
206993057,65,1618,5.6248,5.2131,
206993057,66,1644,5.4525,5.1911,
206993057,67,1669,5.4948,5.1972,
206993057,68,1694,5.4921,5.1884,
206993057,69,1720,5.608,5.2456,
206993057,70,1745,5.5639,5.3584,
206993057,71,1770,5.4988,5.3768,
206993057,72,1795,5.4733,5.2948,
206993057,73,1821,5.4495,5.2418,
206993057,74,1846,5.4876,5.2457,
206993057,75,1871,5.4762,5.2372,
206993057,76,1897,5.4691,5.321,
206993057,77,1922,5.4639,5.1357,
206993057,78,1947,5.5107,5.0135,
206993057,79,1972,5.5502,5.0102,
206993057,80,1998,5.4802,5.0794,
206993057,81,2023,5.5256,5.0401,
206993057,82,2048,5.6318,5.0547,
206993057,83,2074,5.6747,5.0519,
206993057,84,2099,5.5359,5.052,
206993057,85,2124,5.5117,4.9996,
206993057,86,2149,5.6121,5.0533,
206993057,87,2175,5.4664,5.1264,
206993057,88,2200,5.499,
207280074,1,0,3.085,3.0962,
207280074,2,25,3.0986,3.113,
207280074,3,51,3.0972,3.1159,
207280074,4,76,3.0913,3.1124,
207280074,5,101,3.1055,3.1212,
207280074,6,126,3.0903,3.1074,
207280074,7,152,3.0989,3.1155,
207280074,8,177,3.0837,3.1107,
207280074,9,202,3.0903,3.1123,
207280074,10,227,3.0929,3.1093,
207280074,11,253,3.0874,3.1166,
207280074,12,278,3.0804,3.1088,
207280074,13,303,3.0933,3.1021,
207280074,14,328,3.0815,3.1051,
207280074,15,354,3.0975,3.0989,
207280074,16,379,3.0903,3.1143,
207280074,17,404,3.0975,3.108,
207280074,18,429,3.0886,3.1098,
207280074,19,455,3.0868,3.1117,
207280074,20,480,3.0723,3.1158,
207280074,21,505,3.0762,3.1171,
207280074,22,530,3.0859,3.1003,
207280074,23,556,3.0788,3.0952,
207280074,24,581,3.0888,3.1005,
207280074,25,606,3.0834,3.1155,
207280074,26,631,3.0749,3.1045,
207280074,27,657,3.0862,3.091,
207280074,28,682,3.0832,3.0883,
207280074,29,707,3.0808,3.0943,
207280074,30,732,3.0916,3.091,
207280074,31,758,3.0843,3.085,
207280074,32,783,3.1043,3.0969,
207280074,33,808,3.0918,3.1018,
207280074,34,833,3.0974,3.0986,
207280074,35,859,3.1135,3.1011,
207280074,36,884,3.1151,3.0997,
207280074,37,909,3.1105,3.0938,
207280074,38,934,3.1206,3.1048,
207280074,39,960,3.1246,3.0982,
207280074,40,985,3.1274,3.0941,
207280074,41,1010,3.1426,3.0992,
207280074,42,1035,3.1357,3.103,
207280074,43,1061,3.137,3.1095,
207280074,44,1086,3.1305,3.1074,
207280074,45,1111,3.1299,3.1132,
207280074,46,1136,3.1231,3.1256,
207280074,47,1162,3.1332,3.1406,
207280074,48,1187,3.1249,3.1337,
207280074,49,1212,3.1382,3.1374,
207280074,50,1237,3.1407,3.1339,
207280074,51,1263,3.1419,3.1286,
207280074,52,1288,3.1363,3.1483,
207280074,53,1313,3.1359,3.1628,
207280074,54,1338,3.1406,3.1617,
207280074,55,1364,3.1244,3.1642,
207280074,56,1389,3.1165,3.1738,
207280074,57,1414,3.1225,3.1647,
207280074,58,1439,3.1097,3.1772,
207280074,59,1465,3.1077,3.1755,
207280074,60,1490,3.1124,3.1815,
207280074,61,1515,3.0929,3.1802,
207280074,62,1540,3.0898,3.1791,
207280074,63,1566,3.0923,3.1835,
207280074,64,1591,3.0919,3.1798,
207280074,65,1616,3.0873,3.1736,
207280074,66,1641,3.0919,3.1777,
207280074,67,1667,3.083,3.1744,
207280074,68,1692,3.0738,3.1733,
207280074,69,1717,3.0765,3.1767,
207280074,70,1742,3.07,3.1783,
207280074,71,1768,3.0854,3.1685,
207280074,72,1793,3.0642,3.1682,
207280074,73,1818,3.0877,3.1676,
207280074,74,1843,3.0707,3.1627,
207280074,75,1869,3.0564,3.1653,
207280074,76,1894,3.0565,3.1451,
207280074,77,1919,3.0552,3.1443,
207280074,78,1944,3.0443,3.1543,
207280074,79,1970,3.0525,3.15,
207280074,80,1995,3.0591,3.1439,
207280074,81,2020,3.0368,3.1426,
207280074,82,2045,3.0429,3.1393,
207280074,83,2071,3.0468,3.1422,
207280074,84,2096,3.0332,3.1185,
207280074,85,2121,3.0379,3.1137,
207280074,86,2146,3.0449,3.1145,
207280074,87,2172,3.0484,3.1101,
207280074,88,2197,3.0454,3.0941,
207280074,89,2222,3.0534,3.0898,
207280074,90,2247,3.0508,3.0798,
207280074,91,2273,3.0577,3.0815,
207280074,92,2298,3.0303,3.0748,
207280074,93,2323,3.042,3.0844,
207280074,94,2348,3.0401,3.0995,
207280074,95,2374,3.0504,3.0955,
207280074,96,2399,3.048,3.0865,
207280074,97,2424,3.0734,3.0777,
207280074,98,2449,3.0591,
207280074,99,2475,3.0759,
207280074,100,2500,3.0786,
207601006,1,0,2.5051,2.4693,
207601006,2,25,2.5388,2.5046,
207601006,3,50,2.5484,2.5194,
207601006,4,76,2.5468,2.4338,
207601006,5,101,2.5409,2.4832,
207601006,6,126,2.511,2.469,
207601006,7,151,2.5013,2.5147,
207601006,8,177,2.5066,2.472,
207601006,9,202,2.5022,2.4792,
207601006,10,227,2.5182,2.5291,
207601006,11,252,2.5207,2.4678,
207601006,12,278,2.5304,2.4707,
207601006,13,303,2.5169,2.4806,
207601006,14,328,2.5277,2.5088,
207601006,15,353,2.4973,2.4716,
207601006,16,379,2.5279,2.4674,
207601006,17,404,2.5079,2.4573,
207601006,18,429,2.4949,2.4662,
207601006,19,454,2.4988,2.5064,
207601006,20,480,2.5249,2.4605,
207601006,21,505,2.5841,2.4672,
207601006,22,530,2.5136,2.4698,
207601006,23,555,2.5594,2.4665,
207601006,24,581,2.5312,2.492,
207601006,25,606,2.5478,2.4518,
207601006,26,631,2.5347,2.4829,
207601006,27,656,2.5375,2.4314,
207601006,28,682,2.4959,2.4342,
207601006,29,707,2.5442,2.4974,
207601006,30,732,2.5442,2.4835,
207601006,31,757,2.5415,2.4479,
207601006,32,783,2.5338,2.4606,
207601006,33,808,2.525,2.4359,
207601006,34,833,2.5065,2.4771,
207601006,35,858,2.4996,2.4461,
207601006,36,884,2.5325,2.4595,
207601006,37,909,2.4892,2.5114,
207601006,38,934,2.5489,2.4747,
207601006,39,959,2.5089,2.4829,
207601006,40,985,2.5204,2.482,
207601006,41,1010,2.5269,2.4777,
207601006,42,1035,2.4984,2.4725,
207601006,43,1060,2.4996,2.4348,
207601006,44,1086,2.514,2.4402,
207601006,45,1111,2.4637,2.4606,
207601006,46,1136,2.5206,2.4938,
207601006,47,1161,2.5166,2.4952,
207601006,48,1187,2.4945,2.461,
207601006,49,1212,2.5127,2.4819,
207601006,50,1237,2.489,2.4387,
207601006,51,1262,2.4731,2.4687,
207601006,52,1288,2.4928,2.4681,
207601006,53,1313,2.5,2.473,
207601006,54,1338,2.4328,2.4986,
207601006,55,1363,2.4771,2.4632,
207601006,56,1389,2.4703,2.4954,
207601006,57,1414,2.5149,2.4665,
207601006,58,1439,2.5235,2.4641,
207601006,59,1464,2.4926,2.4667,
207601006,60,1490,2.5086,2.465,
207601006,61,1515,2.5623,2.5059,
207601006,62,1540,2.5227,2.5187,
207601006,63,1565,2.4794,2.5169,
207601006,64,1591,2.525,2.4813,
207601006,65,1616,2.5147,2.5401,
207601006,66,1641,2.5513,2.5365,
207601006,67,1666,2.5604,2.4978,
207601006,68,1692,2.5389,2.4894,
207601006,69,1717,2.5269,2.5447,
207601006,70,1742,2.527,2.5313,
207601006,71,1767,2.5337,2.5225,
207601006,72,1793,2.5324,2.5154,
207601006,73,1818,2.4958,2.4818,
207601006,74,1843,2.5671,2.5162,
207601006,75,1868,2.5316,2.5116,
207601006,76,1894,2.5158,2.4901,
207601006,77,1919,2.5432,2.4887,
207601006,78,1944,2.5451,2.5139,
207601006,79,1969,2.5442,2.5201,
207601006,80,1995,2.4998,2.5371,
207601006,81,2020,2.5125,2.4929,
207601006,82,2045,2.541,2.4719,
207601006,83,2070,2.466,2.4739,
207601006,84,2096,2.5388,2.4399,
207601006,85,2121,2.4996,2.4493,
207601006,86,2146,2.519,2.4499,
207601006,87,2171,2.5254,2.4656,
207601006,88,2197,2.5285,2.4284,
207601006,89,2222,2.5193,2.4543,
207601006,90,2247,2.5478,2.4435,
207601006,91,2272,2.5172,2.4634,
207601006,92,2298,2.556,2.4824,
207601006,93,2323,2.5193,2.4512,
207601006,94,2348,2.5207,2.4443,
207601006,95,2373,2.5193,2.4628,
207601006,96,2399,2.5178,2.5074,
207601006,97,2424,2.496,2.4158,
207601006,98,2449,2.5018,2.4741,
207601006,99,2474,2.5586,
207601006,100,2500,2.5047,
207601006,101,2525,2.5046,
207601006,102,2550,2.48,
207917279,1,0,3.1148,3.1159,
207917279,2,25,3.1272,3.0586,
207917279,3,50,3.13,3.1403,
207917279,4,76,3.1467,3.1643,
207917279,5,101,3.1568,3.1276,
207917279,6,126,3.144,3.1627,
207917279,7,151,3.1519,3.1233,
207917279,8,177,3.1594,3.1534,
207917279,9,202,3.1476,3.1256,
207917279,10,227,3.1804,3.132,
207917279,11,252,3.1922,3.1341,
207917279,12,278,3.1922,3.1926,
207917279,13,303,3.1882,3.2435,
207917279,14,328,3.2046,3.2251,
207917279,15,353,3.1835,3.2593,
207917279,16,379,3.2151,3.2618,
207917279,17,404,3.2185,3.2598,
207917279,18,429,3.1736,3.2763,
207917279,19,454,3.1806,3.2719,
207917279,20,479,3.1817,3.2241,
207917279,21,505,3.1506,3.2199,
207917279,22,530,3.1736,3.2576,
207917279,23,555,3.1614,3.2101,
207917279,24,580,3.1332,3.2296,
207917279,25,606,3.1293,3.2,
207917279,26,631,3.1153,3.217,
207917279,27,656,3.1103,3.1953,
207917279,28,681,3.1213,3.1731,
207917279,29,707,3.1141,3.1596,
207917279,30,732,3.1148,3.1455,
207917279,31,757,3.1001,3.1304,
207917279,32,782,3.0863,3.1136,
207917279,33,808,3.0823,3.0899,
207917279,34,833,3.08,3.1685,
207917279,35,858,3.0812,3.1453,
207917279,36,883,3.1023,3.154,
207917279,37,908,3.1136,3.1178,
207917279,38,934,3.1174,3.1407,
207917279,39,959,3.0813,3.1696,
207917279,40,984,3.1068,3.1192,
207917279,41,1009,3.1155,3.0974,
207917279,42,1035,3.1081,3.0914,
207917279,43,1060,3.129,3.1327,
207917279,44,1085,3.1213,3.1372,
207917279,45,1110,3.1321,3.1611,
207917279,46,1136,3.134,3.1273,
207917279,47,1161,3.1288,3.118,
207917279,48,1186,3.1263,3.1722,
207917279,49,1211,3.1365,3.1639,
207917279,50,1237,3.1324,3.1982,
207917279,51,1262,3.1466,3.1821,
207917279,52,1287,3.1622,3.2091,
207917279,53,1312,3.1518,3.1527,
207917279,54,1338,3.1381,3.1976,
207917279,55,1363,3.1661,3.1628,
207917279,56,1388,3.1295,3.1432,
207917279,57,1413,3.1244,3.1243,
207917279,58,1438,3.1588,3.134,
207917279,59,1464,3.1413,3.1397,
207917279,60,1489,3.1409,3.1369,
207917279,61,1514,3.149,3.1733,
207917279,62,1539,3.1321,3.1606,
207917279,63,1565,3.1453,3.2209,
207917279,64,1590,3.141,3.2071,
207917279,65,1615,3.1291,3.1496,
207917279,66,1640,3.129,3.2332,
207917279,67,1666,3.1253,3.2238,
207917279,68,1691,3.1378,3.2278,
207917279,69,1716,3.1442,3.176,
207917279,70,1741,3.0852,3.1991,
207917279,71,1767,3.1173,3.2008,
207917279,72,1792,3.1117,3.1269,
207917279,73,1817,3.1097,3.2063,
207917279,74,1842,3.114,3.1651,
207917279,75,1867,3.1031,3.2296,
207917279,76,1893,3.097,3.2123,
207917279,77,1918,3.0865,3.1627,
207917279,78,1943,3.0645,3.1974,
207917279,79,1968,3.087,3.2276,
207917279,80,1994,3.0844,3.2295,
207917279,81,2019,3.0819,3.2288,
207917279,82,2044,3.0961,3.1669,
207917279,83,2069,3.0748,3.2119,
207917279,84,2095,3.0672,3.2232,
207917279,85,2120,3.0786,3.2322,
207917279,86,2145,3.0543,3.2467,
207917279,87,2170,3.0747,3.2328,
207917279,88,2196,3.0747,3.2244,
207917279,89,2221,3.0849,3.2046,
207917279,90,2246,3.0804,3.2134,
207917279,91,2271,3.0831,3.1725,
207917279,92,2296,3.0996,3.2118,
207917279,93,2322,3.077,3.2219,
207917279,94,2347,3.0751,3.2163,
207917279,95,2372,3.0716,3.2004,
207917279,96,2397,3.0863,3.2088,
207917279,97,2423,3.0859,3.215,
207917279,98,2448,3.0713,3.1983,
207917279,99,2473,3.0737,3.2206,
207917279,100,2498,3.0802,3.1823,
207917279,101,2524,3.0808,3.2125,
207917279,102,2549,3.0717,3.1818,
207917279,103,2574,3.0728,3.209,
207917279,104,2599,3.0655,
207917279,105,2625,3.0736,
207917279,106,2650,3.0682,
207917279,107,2675,3.0853,
208488783,1,0,2.9775,2.9448,
208488783,2,25,2.9275,2.9294,
208488783,3,50,2.9908,2.9542,
208488783,4,76,3.0073,2.99,
208488783,5,101,3.0323,2.9833,
208488783,6,126,2.9834,2.9957,
208488783,7,151,3.0488,2.9949,
208488783,8,176,2.9586,2.9559,
208488783,9,202,2.9518,2.9673,
208488783,10,227,2.9484,2.9169,
208488783,11,252,2.9843,2.975,
208488783,12,277,3.0364,2.9777,
208488783,13,303,2.9612,3.0005,
208488783,14,328,2.9886,2.9717,
208488783,15,353,2.9809,3.0515,
208488783,16,378,2.9394,2.9926,
208488783,17,403,2.9984,3.0023,
208488783,18,429,2.9702,2.9746,
208488783,19,454,2.9824,2.9652,
208488783,20,479,3.006,2.9866,
208488783,21,504,3.0319,2.9962,
208488783,22,529,2.9633,2.9957,
208488783,23,555,2.9803,2.9835,
208488783,24,580,3.0169,2.9618,
208488783,25,605,3.029,2.9281,
208488783,26,630,2.9754,2.9814,
208488783,27,655,2.9335,2.9768,
208488783,28,681,3.0267,2.9396,
208488783,29,706,2.9898,2.9414,
208488783,30,731,2.9742,2.9889,
208488783,31,756,2.9933,2.9561,
208488783,32,781,3.0128,2.9635,
208488783,33,807,2.9846,2.9655,
208488783,34,832,3.0124,2.9732,
208488783,35,857,3.0196,2.9636,
208488783,36,882,2.9811,2.9872,
208488783,37,908,3.0406,2.9792,
208488783,38,933,2.9988,2.9956,
208488783,39,958,2.9861,2.9855,
208488783,40,983,2.9613,2.9521,
208488783,41,1008,2.9818,2.9764,
208488783,42,1034,2.9976,2.9568,
208488783,43,1059,3.0148,2.9453,
208488783,44,1084,3.0101,2.9708,
208488783,45,1109,2.992,2.9672,
208488783,46,1134,2.993,2.9932,
208488783,47,1160,2.9821,2.9602,
208488783,48,1185,3.0178,2.983,
208488783,49,1210,2.967,2.9603,
208488783,50,1235,2.9872,2.9892,
208488783,51,1260,3.0175,3.0228,
208488783,52,1286,2.9756,2.9466,
208488783,53,1311,3.0359,2.9612,
208488783,54,1336,3.0446,2.9892,
208488783,55,1361,3.0118,2.9667,
208488783,56,1386,2.9682,2.948,
208488783,57,1412,3.0132,2.9713,
208488783,58,1437,3.0643,2.951,
208488783,59,1462,2.9998,2.9547,
208488783,60,1487,3.0288,3.0388,
208488783,61,1513,3.0407,2.9862,
208488783,62,1538,2.9996,2.9477,
208488783,63,1563,3.0083,2.9535,
208488783,64,1588,3.0124,2.956,
208488783,65,1613,2.9669,2.962,
208488783,66,1639,2.9486,2.942,
208488783,67,1664,3.0013,2.9347,
208488783,68,1689,3.0034,2.9633,
208488783,69,1714,3.024,2.9892,
208488783,70,1739,3.0273,2.9558,
208488783,71,1765,3.0391,2.9633,
208488783,72,1790,3.0238,2.9417,
208488783,73,1815,2.9915,2.9291,
208488783,74,1840,3.0121,2.9465,
208488783,75,1865,3.0185,2.9403,
208488783,76,1891,3.0525,2.9395,
208488783,77,1916,2.9787,2.9393,
208488783,78,1941,2.9873,2.9594,
208488783,79,1966,3.0051,2.9813,
208488783,80,1991,3.0236,2.9746,
208488783,81,2017,3.0306,2.9668,
208488783,82,2042,2.9783,2.9494,
208488783,83,2067,2.9719,2.9966,
208488783,84,2092,3.0101,2.9022,
208488783,85,2118,3.0044,2.9129,
208488783,86,2143,2.9822,2.9219,
208488783,87,2168,2.9924,2.909,
208488783,88,2193,2.9826,2.9581,
208488783,89,2218,2.9252,2.9861,
208488783,90,2244,2.9666,2.9952,
208488783,91,2269,3.0104,2.9938,
208488783,92,2294,2.9953,2.9687,
208488783,93,2319,3.0018,2.946,
208488783,94,2344,2.9943,2.9582,
208488783,95,2370,2.979,2.9269,
208488783,96,2395,2.9898,2.9645,
208488783,97,2420,3.053,2.8957,
208488783,98,2445,3.012,2.9369,
208488783,99,2470,3.0428,2.89,
208488783,100,2496,2.9565,2.9281,
208488783,101,2521,3.0316,2.9066,
208488783,102,2546,2.9947,2.9367,
208488783,103,2571,3.0177,2.9503,
208488783,104,2596,3.0316,2.962,
208488783,105,2622,3.055,2.9591,
208488783,106,2647,3.0492,2.9861,
208488783,107,2672,3.0364,2.9173,
208488783,108,2697,3.0535,2.9612,
208488783,109,2723,3.0524,3.0026,
208488783,110,2748,3.0767,2.9953,
208488783,111,2773,3.0487,2.963,
208488783,112,2798,3.0529,2.9367,
208488783,113,2823,3.0524,2.9198,
208488783,114,2849,2.9619,2.9171,
208488783,115,2874,3.0336,2.9798,
208488783,116,2899,3.0029,2.9521,
208488783,117,2924,3.0551,
208488783,118,2949,3.0049,
208488783,119,2975,3.055,
208488783,120,3000,3.0551,
208488783,121,3025,3.0192,
208827162,1,0,3.3293,3.3423,
208827162,2,25,3.3267,3.3604,
208827162,3,51,3.3186,3.392,
208827162,4,76,3.3332,3.3834,
208827162,5,101,3.3498,3.4292,
208827162,6,126,3.3324,3.3819,
208827162,7,152,3.3318,3.4262,
208827162,8,177,3.3414,3.4004,
208827162,9,202,3.3279,3.4305,
208827162,10,227,3.3557,3.4099,
208827162,11,253,3.3508,3.3789,
208827162,12,278,3.3294,3.3419,
208827162,13,303,3.3675,3.4697,
208827162,14,328,3.3556,3.4341,
208827162,15,354,3.3637,3.4488,
208827162,16,379,3.3355,3.4019,
208827162,17,404,3.3267,3.4345,
208827162,18,429,3.3638,3.3791,
208827162,19,455,3.3525,3.3758,
208827162,20,480,3.3421,3.3559,
208827162,21,505,3.3213,3.3644,
208827162,22,530,3.3338,3.3438,
208827162,23,556,3.3447,3.3548,
208827162,24,581,3.3526,3.3449,
208827162,25,606,3.3211,3.3585,
208827162,26,631,3.3331,3.3384,
208827162,27,657,3.337,3.3441,
208827162,28,682,3.363,3.341,
208827162,29,707,3.3379,3.3963,
208827162,30,732,3.3404,3.3381,
208827162,31,758,3.2952,3.3883,
208827162,32,783,3.3351,3.3533,
208827162,33,808,3.3415,3.3463,
208827162,34,834,3.3252,3.3464,
208827162,35,859,3.3246,3.3973,
208827162,36,884,3.3148,3.4028,
208827162,37,909,3.3123,3.3693,
208827162,38,935,3.3203,3.336,
208827162,39,960,3.2921,3.3192,
208827162,40,985,3.3115,3.3368,
208827162,41,1010,3.3413,3.3778,
208827162,42,1036,3.3111,3.3602,
208827162,43,1061,3.3442,3.3758,
208827162,44,1086,3.3035,3.3894,
208827162,45,1111,3.3375,3.3996,
208827162,46,1137,3.3669,3.3795,
208827162,47,1162,3.3265,3.3664,
208827162,48,1187,3.3004,3.3703,
208827162,49,1212,3.3273,3.364,
208827162,50,1238,3.3393,3.3837,
208827162,51,1263,3.3397,3.3854,
208827162,52,1288,3.3549,3.4052,
208827162,53,1313,3.3607,3.379,
208827162,54,1339,3.3625,3.4086,
208827162,55,1364,3.3331,3.386,
208827162,56,1389,3.3408,3.4135,
208827162,57,1414,3.3538,3.4036,
208827162,58,1440,3.3567,3.3922,
208827162,59,1465,3.3849,3.3908,
208827162,60,1490,3.3668,3.4055,
208827162,61,1515,3.3746,3.3999,
208827162,62,1541,3.3742,3.4086,
208827162,63,1566,3.3991,3.4503,
208827162,64,1591,3.4004,3.4231,
208827162,65,1616,3.3697,3.401,
208827162,66,1642,3.3843,3.3911,
208827162,67,1667,3.4061,3.3887,
208827162,68,1692,3.4053,3.3947,
208827162,69,1718,3.3825,3.3842,
208827162,70,1743,3.3558,3.3998,
208827162,71,1768,3.3632,3.3459,
208827162,72,1793,3.3661,3.3398,
208827162,73,1819,3.3504,3.3711,
208827162,74,1844,3.3282,3.3828,
208827162,75,1869,3.3297,3.3609,
208827162,76,1894,3.3168,3.3407,
208827162,77,1920,3.3156,3.3635,
208827162,78,1945,3.3156,3.4209,
208827162,79,1970,3.313,3.3991,
208827162,80,1995,3.3082,3.3955,
208827162,81,2021,3.3016,3.3797,
208827162,82,2046,3.2946,3.3611,
208827162,83,2071,3.3156,3.3704,
208827162,84,2096,3.2884,3.3502,
208827162,85,2122,3.2863,3.3225,
208827162,86,2147,3.2915,3.3782,
208827162,87,2172,3.2453,3.3945,
208827162,88,2197,3.2456,3.3293,
208827162,89,2223,3.3036,3.3163,
208827162,90,2248,3.2131,3.3315,
208827162,91,2273,3.2911,3.3258,
208827162,92,2298,3.2823,3.3331,
208827162,93,2324,3.2719,3.3395,
208827162,94,2349,3.2903,
208827162,95,2374,3.268,
208827162,96,2399,3.2748,
208827162,97,2425,3.2554,
208827162,98,2450,3.261,
209049931,1,0,2.4737,2.5119,
209049931,2,25,2.4708,2.5039,
209049931,3,51,2.4761,2.5024,
209049931,4,76,2.4676,2.509,
209049931,5,101,2.4756,2.5136,
209049931,6,126,2.4818,2.5198,
209049931,7,152,2.4821,2.5174,
209049931,8,177,2.4842,2.5224,
209049931,9,202,2.4862,2.5044,
209049931,10,227,2.4748,2.5035,
209049931,11,253,2.4865,2.5074,
209049931,12,278,2.4827,2.4969,
209049931,13,303,2.4933,2.5025,
209049931,14,328,2.4785,2.5112,
209049931,15,354,2.4946,2.5047,
209049931,16,379,2.4897,2.5023,
209049931,17,404,2.4911,2.4981,
209049931,18,429,2.4934,2.4983,
209049931,19,455,2.4887,2.5006,
209049931,20,480,2.4876,2.5022,
209049931,21,505,2.4883,2.5007,
209049931,22,530,2.4836,2.509,
209049931,23,556,2.4925,2.4971,
209049931,24,581,2.4967,2.4996,
209049931,25,606,2.4979,2.5108,
209049931,26,631,2.4993,2.5087,
209049931,27,657,2.5037,2.5098,
209049931,28,682,2.5085,2.5162,
209049931,29,707,2.5068,2.5256,
209049931,30,732,2.5082,2.5236,
209049931,31,758,2.5134,2.5234,
209049931,32,783,2.5152,2.5249,
209049931,33,808,2.5112,2.5348,
209049931,34,834,2.5044,2.5419,
209049931,35,859,2.5144,2.5443,
209049931,36,884,2.5069,2.5414,
209049931,37,909,2.5111,2.5367,
209049931,38,935,2.512,2.5473,
209049931,39,960,2.518,2.5531,
209049931,40,985,2.5033,2.5507,
209049931,41,1010,2.5109,2.5564,
209049931,42,1036,2.5171,2.5488,
209049931,43,1061,2.5067,2.5562,
209049931,44,1086,2.504,2.5487,
209049931,45,1111,2.5057,2.5507,
209049931,46,1137,2.5148,2.5505,
209049931,47,1162,2.5232,2.5583,
209049931,48,1187,2.5129,2.5462,
209049931,49,1212,2.5153,2.5501,
209049931,50,1238,2.5196,2.5533,
209049931,51,1263,2.5153,2.5522,
209049931,52,1288,2.5029,2.5442,
209049931,53,1313,2.5078,2.5472,
209049931,54,1339,2.5001,2.5567,
209049931,55,1364,2.508,2.5452,
209049931,56,1389,2.4977,2.5432,
209049931,57,1414,2.4936,2.5461,
209049931,58,1440,2.5019,2.5383,
209049931,59,1465,2.4969,2.5387,
209049931,60,1490,2.4934,2.5273,
209049931,61,1515,2.4875,2.5328,
209049931,62,1541,2.489,2.5347,
209049931,63,1566,2.4824,2.5285,
209049931,64,1591,2.4889,2.5351,
209049931,65,1616,2.4788,2.5342,
209049931,66,1642,2.4861,2.5324,
209049931,67,1667,2.4852,2.5256,
209049931,68,1692,2.487,2.5202,
209049931,69,1718,2.483,2.5197,
209049931,70,1743,2.4967,2.5307,
209049931,71,1768,2.4983,2.5302,
209049931,72,1793,2.4999,2.5269,
209049931,73,1819,2.5159,2.5196,
209049931,74,1844,2.5128,2.5343,
209049931,75,1869,2.5117,2.5347,
209049931,76,1894,2.5078,2.5388,
209049931,77,1920,2.5034,2.5335,
209049931,78,1945,2.5067,2.5286,
209049931,79,1970,2.5074,2.5306,
209049931,80,1995,2.5007,2.5426,
209049931,81,2021,2.5053,2.5309,
209049931,82,2046,2.4955,2.5385,
209049931,83,2071,2.4927,2.5479,
209049931,84,2096,2.4985,2.5358,
209049931,85,2122,2.4781,2.5387,
209049931,86,2147,2.4805,2.5297,
209049931,87,2172,2.4717,2.5254,
209049931,88,2197,2.4695,2.5348,
209049931,89,2223,2.4891,2.539,
209049931,90,2248,2.4865,2.5362,
209049931,91,2273,2.4933,2.5234,
209049931,92,2298,2.4918,2.5187,
209049931,93,2324,2.4894,2.5325,
209049931,94,2349,2.4889,2.5357,
209049931,95,2374,2.5359,
209049931,96,2399,2.5374,
209049931,97,2425,2.5389,
209049931,98,2450,2.5419,
209154863,1,0,3.7162,3.6874,
209154863,2,25,3.7099,3.6915,
209154863,3,50,3.7133,3.6904,
209154863,4,76,3.6977,3.6756,
209154863,5,101,3.6962,3.684,
209154863,6,126,3.6953,3.6762,
209154863,7,151,3.6861,3.6749,
209154863,8,176,3.6874,3.6691,
209154863,9,201,3.6881,3.6646,
209154863,10,227,3.6834,3.6573,
209154863,11,252,3.6804,3.6586,
209154863,12,277,3.6808,3.6551,
209154863,13,302,3.6785,3.6609,
209154863,14,327,3.6776,3.6619,
209154863,15,353,3.6802,3.6584,
209154863,16,378,3.6729,3.6483,
209154863,17,403,3.6746,3.6488,
209154863,18,428,3.669,3.6463,
209154863,19,453,3.6668,3.6546,
209154863,20,479,3.6671,3.6517,
209154863,21,504,3.6666,3.6478,
209154863,22,529,3.6735,3.6421,
209154863,23,554,3.6631,3.6585,
209154863,24,579,3.663,3.6558,
209154863,25,604,3.6657,3.6554,
209154863,26,630,3.668,3.6648,
209154863,27,655,3.6678,3.6692,
209154863,28,680,3.6593,3.6714,
209154863,29,705,3.6688,3.6717,
209154863,30,730,3.6696,3.6715,
209154863,31,756,3.6608,3.681,
209154863,32,781,3.6757,3.6761,
209154863,33,806,3.6654,3.679,
209154863,34,831,3.671,3.6875,
209154863,35,856,3.6797,3.6948,
209154863,36,882,3.6748,3.6889,
209154863,37,907,3.6823,3.6989,
209154863,38,932,3.6833,3.6983,
209154863,39,957,3.6845,3.6984,
209154863,40,982,3.6799,3.7121,
209154863,41,1007,3.6782,3.7127,
209154863,42,1033,3.6884,3.7238,
209154863,43,1058,3.7025,3.719,
209154863,44,1083,3.7022,3.7256,
209154863,45,1108,3.702,3.7276,
209154863,46,1133,3.7082,3.7375,
209154863,47,1159,3.7186,3.7269,
209154863,48,1184,3.7129,3.7357,
209154863,49,1209,3.7146,3.7454,
209154863,50,1234,3.7201,3.7419,
209154863,51,1259,3.7193,3.7491,
209154863,52,1285,3.7305,3.7515,
209154863,53,1310,3.7307,3.7549,
209154863,54,1335,3.7279,3.7626,
209154863,55,1360,3.7287,3.7746,
209154863,56,1385,3.7358,3.7739,
209154863,57,1410,3.7354,3.7779,
209154863,58,1436,3.7366,3.7758,
209154863,59,1461,3.7377,3.7848,
209154863,60,1486,3.7343,3.7804,
209154863,61,1511,3.7313,3.769,
209154863,62,1536,3.7276,3.768,
209154863,63,1562,3.7217,3.7619,
209154863,64,1587,3.7215,3.7557,
209154863,65,1612,3.7088,3.7427,
209154863,66,1637,3.7038,3.734,
209154863,67,1662,3.6946,3.7358,
209154863,68,1688,3.6828,3.734,
209154863,69,1713,3.6816,3.7254,
209154863,70,1738,3.6819,3.7338,
209154863,71,1763,3.6798,3.726,
209154863,72,1788,3.6704,3.7138,
209154863,73,1813,3.673,3.7189,
209154863,74,1839,3.6723,3.7199,
209154863,75,1864,3.6559,3.7144,
209154863,76,1889,3.6665,3.7212,
209154863,77,1914,3.6778,3.7203,
209154863,78,1939,3.667,3.7214,
209154863,79,1965,3.6808,3.7299,
209154863,80,1990,3.6763,3.7288,
209154863,81,2015,3.6737,3.7383,
209154863,82,2040,3.6699,3.7283,
209154863,83,2065,3.675,3.7308,
209154863,84,2090,3.6701,3.7268,
209154863,85,2116,3.6729,3.7242,
209154863,86,2141,3.6755,3.7391,
209154863,87,2166,3.6721,3.7423,
209154863,88,2191,3.6728,3.7279,
209154863,89,2216,3.6738,3.7287,
209154863,90,2242,3.6755,3.7243,
209154863,91,2267,3.6642,3.7258,
209154863,92,2292,3.657,3.7234,
209154863,93,2317,3.6641,3.7268,
209154863,94,2342,3.6571,3.7196,
209154863,95,2368,3.6608,3.7167,
209154863,96,2393,3.661,3.709,
209154863,97,2418,3.671,3.716,
209154863,98,2443,3.6691,3.7099,
209154863,99,2468,3.6647,3.706,
209154863,100,2493,3.6575,3.7043,
209154863,101,2519,3.6722,3.7122,
209154863,102,2544,3.6607,3.7041,
209154863,103,2569,3.6582,3.699,
209154863,104,2594,3.6613,3.6922,
209154863,105,2619,3.666,3.6966,
209154863,106,2645,3.6614,3.6911,
209154863,107,2670,3.6713,3.6886,
209154863,108,2695,3.6705,3.6943,
209154863,109,2720,3.667,3.6824,
209154863,110,2745,3.6634,3.6919,
209154863,111,2771,3.6749,3.6882,
209154863,112,2796,3.6786,3.6871,
209154863,113,2821,3.6828,3.6809,
209154863,114,2846,3.6875,3.6958,
209154863,115,2871,3.6862,3.6842,
209154863,116,2896,3.6881,3.6902,
209154863,117,2922,3.6936,3.69,
209154863,118,2947,3.6881,3.6893,
209154863,119,2972,3.6909,3.6935,
209154863,120,2997,3.6896,3.6947,
209154863,121,3022,3.7037,3.6937,
209154863,122,3048,3.6918,3.6972,
209154863,123,3073,3.6982,3.7001,
209154863,124,3098,3.6996,3.7148,
209154863,125,3123,3.7011,3.7152,
209154863,126,3148,3.7096,3.7225,
209154863,127,3174,3.7197,3.7173,
209154863,128,3199,3.7198,3.7216,
209154863,129,3224,3.7198,3.7229,
209154863,130,3249,3.7114,3.7233,
209154863,131,3274,3.7246,
209154863,132,3299,3.7354,
209154863,133,3325,3.744,
209154863,134,3350,3.7451,
209154863,135,3375,3.7434,
314919309,1,0,3.4108,3.4685,
314919309,2,25,3.4068,3.4715,
314919309,3,50,3.4044,3.4723,
314919309,4,76,3.4048,3.4825,
314919309,5,101,3.41,3.4818,
314919309,6,126,3.4082,3.4914,
314919309,7,151,3.4159,3.4982,
314919309,8,177,3.4205,3.4993,
314919309,9,202,3.4216,3.5056,
314919309,10,227,3.4258,3.501,
314919309,11,252,3.4277,3.4945,
314919309,12,277,3.4272,3.4994,
314919309,13,303,3.4295,3.4959,
314919309,14,328,3.427,3.4914,
314919309,15,353,3.4196,3.4813,
314919309,16,378,3.422,3.4811,
314919309,17,404,3.4179,3.4811,
314919309,18,429,3.4163,3.4749,
314919309,19,454,3.41,3.4675,
314919309,20,479,3.4104,3.4644,
314919309,21,504,3.4083,3.4614,
314919309,22,530,3.4004,3.4589,
314919309,23,555,3.4011,3.4555,
314919309,24,580,3.3981,3.4553,
314919309,25,605,3.397,3.4586,
314919309,26,630,3.3978,3.4547,
314919309,27,656,3.3994,3.4514,
314919309,28,681,3.3983,3.4565,
314919309,29,706,3.4011,3.4542,
314919309,30,731,3.4009,3.4543,
314919309,31,757,3.3979,3.4596,
314919309,32,782,3.4059,3.4613,
314919309,33,807,3.4064,3.4594,
314919309,34,832,3.4106,3.4636,
314919309,35,857,3.4096,3.4708,
314919309,36,883,3.4088,3.4689,
314919309,37,908,3.4081,3.4645,
314919309,38,933,3.4083,3.4653,
314919309,39,958,3.4092,3.4674,
314919309,40,984,3.417,3.4705,
314919309,41,1009,3.4179,3.4734,
314919309,42,1034,3.4166,3.4782,
314919309,43,1059,3.4148,3.4739,
314919309,44,1084,3.4182,3.482,
314919309,45,1110,3.4203,3.4787,
314919309,46,1135,3.4237,3.4812,
314919309,47,1160,3.4249,3.4858,
314919309,48,1185,3.4261,3.4883,
314919309,49,1211,3.4286,3.4835,
314919309,50,1236,3.4267,3.4888,
314919309,51,1261,3.4311,3.4858,
314919309,52,1286,3.4336,3.4881,
314919309,53,1311,3.438,3.4894,
314919309,54,1337,3.4289,3.4885,
314919309,55,1362,3.4337,3.487,
314919309,56,1387,3.4339,3.4877,
314919309,57,1412,3.432,3.4873,
314919309,58,1438,3.4368,3.491,
314919309,59,1463,3.442,3.4879,
314919309,60,1488,3.4436,3.4932,
314919309,61,1513,3.4496,3.4893,
314919309,62,1538,3.4519,3.4891,
314919309,63,1564,3.4553,3.4894,
314919309,64,1589,3.456,3.4961,
314919309,65,1614,3.4648,3.4948,
314919309,66,1639,3.4678,3.4926,
314919309,67,1664,3.4699,3.4936,
314919309,68,1690,3.4661,3.4971,
314919309,69,1715,3.4655,3.4939,
314919309,70,1740,3.4585,3.4864,
314919309,71,1765,3.4552,3.4861,
314919309,72,1791,3.4453,3.4817,
314919309,73,1816,3.44,3.482,
314919309,74,1841,3.4371,3.4772,
314919309,75,1866,3.4231,3.4762,
314919309,76,1891,3.4173,3.4766,
314919309,77,1917,3.4151,3.4724,
314919309,78,1942,3.405,3.4676,
314919309,79,1967,3.4042,3.4671,
314919309,80,1992,3.3975,3.4626,
314919309,81,2018,3.399,3.4593,
314919309,82,2043,3.3975,3.4581,
314919309,83,2068,3.4011,3.4409,
314919309,84,2093,3.3931,3.4489,
314919309,85,2118,3.3897,3.4378,
314919309,86,2144,3.384,3.4294,
314919309,87,2169,3.3866,3.4332,
314919309,88,2194,3.3857,3.4261,
314919309,89,2219,3.3818,3.42,
314919309,90,2245,3.3868,3.4229,
314919309,91,2270,3.3869,3.4152,
314919309,92,2295,3.3856,3.4194,
314919309,93,2320,3.3859,3.4101,
314919309,94,2345,3.3873,3.4121,
314919309,95,2371,3.3904,3.4144,
314919309,96,2396,3.3958,3.4086,
314919309,97,2421,3.3987,3.4042,
314919309,98,2446,3.3969,3.4111,
314919309,99,2471,3.3987,3.4055,
314919309,100,2497,3.3944,3.4081,
314919309,101,2522,3.3975,3.4128,
314919309,102,2547,3.395,3.4077,
314919309,103,2572,3.3962,3.4071,
314919309,104,2598,3.4006,3.4086,
314919309,105,2623,3.4077,3.4096,
314919309,106,2648,3.414,3.4149,
314919309,107,2673,3.4056,3.4102,
314919309,108,2698,3.4093,3.4184,
314919309,109,2724,3.4129,3.4195,
314919309,110,2749,3.4109,
314919309,111,2774,3.3973,
314919309,112,2799,3.4015,
314919309,113,2825,3.3949,
314919309,114,2850,3.4066,
314919309,115,2875,3.4077,
318657061,1,0,3.1137,3.117,
318657061,2,25,3.1102,3.1316,
318657061,3,50,3.105,3.13,
318657061,4,76,3.1073,3.1367,
318657061,5,101,3.1075,3.1338,
318657061,6,126,3.1157,3.1368,
318657061,7,151,3.111,3.1354,
318657061,8,176,3.1198,3.137,
318657061,9,202,3.1176,3.1428,
318657061,10,227,3.1218,3.1435,
318657061,11,252,3.1264,3.1418,
318657061,12,277,3.1245,3.1444,
318657061,13,303,3.1253,3.1467,
318657061,14,328,3.128,3.151,
318657061,15,353,3.1172,3.1508,
318657061,16,378,3.1174,3.1463,
318657061,17,403,3.1194,3.1481,
318657061,18,429,3.115,3.1459,
318657061,19,454,3.1183,3.1451,
318657061,20,479,3.1085,3.1413,
318657061,21,504,3.1081,3.1495,
318657061,22,529,3.1029,3.1457,
318657061,23,555,3.0973,3.1345,
318657061,24,580,3.1005,3.1396,
318657061,25,605,3.105,3.1426,
318657061,26,630,3.1041,3.1392,
318657061,27,656,3.1025,3.1438,
318657061,28,681,3.0997,3.1377,
318657061,29,706,3.103,3.1343,
318657061,30,731,3.1056,3.1335,
318657061,31,756,3.1042,3.1413,
318657061,32,782,3.1059,3.1379,
318657061,33,807,3.1112,3.1369,
318657061,34,832,3.0963,3.1411,
318657061,35,857,3.1145,3.132,
318657061,36,882,3.1061,3.1292,
318657061,37,908,3.1045,3.1345,
318657061,38,933,3.1113,3.1301,
318657061,39,958,3.1007,3.1242,
318657061,40,983,3.1126,3.1307,
318657061,41,1009,3.1082,3.1254,
318657061,42,1034,3.1149,3.13,
318657061,43,1059,3.1164,3.1263,
318657061,44,1084,3.1197,3.1257,
318657061,45,1109,3.1155,3.1217,
318657061,46,1135,3.116,3.1263,
318657061,47,1160,3.1229,3.1257,
318657061,48,1185,3.1194,3.1259,
318657061,49,1210,3.1186,3.1256,
318657061,50,1235,3.1242,3.1345,
318657061,51,1261,3.1189,3.1277,
318657061,52,1286,3.1204,3.1251,
318657061,53,1311,3.1262,3.1234,
318657061,54,1336,3.1276,3.1232,
318657061,55,1362,3.1227,3.1239,
318657061,56,1387,3.1133,3.1245,
318657061,57,1412,3.1172,3.1179,
318657061,58,1437,3.1147,3.1197,
318657061,59,1462,3.1099,3.1192,
318657061,60,1488,3.1113,3.1075,
318657061,61,1513,3.1113,3.1091,
318657061,62,1538,3.1039,3.1114,
318657061,63,1563,3.1064,3.0945,
318657061,64,1588,3.1031,3.0913,
318657061,65,1614,3.1072,3.0947,
318657061,66,1639,3.109,3.1028,
318657061,67,1664,3.1043,3.0922,
318657061,68,1689,3.1012,3.0943,
318657061,69,1715,3.0974,3.0916,
318657061,70,1740,3.108,3.0868,
318657061,71,1765,3.111,3.0963,
318657061,72,1790,3.111,3.0935,
318657061,73,1815,3.1094,3.0916,
318657061,74,1841,3.1089,3.0955,
318657061,75,1866,3.1087,3.0945,
318657061,76,1891,3.1056,3.1027,
318657061,77,1916,3.1025,3.1033,
318657061,78,1941,3.0959,3.1016,
318657061,79,1967,3.1037,3.0943,
318657061,80,1992,3.0973,3.1078,
318657061,81,2017,3.1009,3.1026,
318657061,82,2042,3.0949,3.1058,
318657061,83,2068,3.0882,3.1087,
318657061,84,2093,3.0948,3.0984,
318657061,85,2118,3.0955,3.1036,
318657061,86,2143,3.0935,3.1057,
318657061,87,2168,3.0966,3.0892,
318657061,88,2194,3.0932,3.1013,
318657061,89,2219,3.0992,3.0989,
318657061,90,2244,3.0942,3.0877,
318657061,91,2269,3.0944,3.0901,
318657061,92,2294,3.0989,3.0964,
318657061,93,2320,3.1021,3.0916,
318657061,94,2345,3.1012,3.095,
318657061,95,2370,3.101,3.082,
318657061,96,2395,3.1001,3.0823,
318657061,97,2421,3.1016,3.0825,
318657061,98,2446,3.1038,3.0804,
318657061,99,2471,3.1035,3.0815,
318657061,100,2496,3.1044,3.0773,
318657061,101,2521,3.1095,3.081,
318657061,102,2547,3.1101,3.0768,
318657061,103,2572,3.1135,3.0776,
318657061,104,2597,3.1044,3.0755,
318657061,105,2622,3.1048,3.0708,
318657061,106,2647,3.1068,3.061,
318657061,107,2673,3.1061,3.0564,
318657061,108,2698,3.1022,3.0679,
318657061,109,2723,3.1051,3.0675,
318657061,110,2748,3.1104,3.0687,
318657061,111,2774,3.1134,3.0644,
318657061,112,2799,3.1115,3.0753,
318657061,113,2824,3.1137,3.077,
318657061,114,2849,3.1159,3.0682,
318657061,115,2874,3.1139,3.07,
318657061,116,2900,3.1098,3.0741,
318657061,117,2925,3.1151,3.0784,
318657061,118,2950,3.1203,3.078,
324124114,1,0,3.2072,3.1813,
324124114,2,25,3.1961,3.1848,
324124114,3,51,3.203,3.1728,
324124114,4,76,3.2012,3.175,
324124114,5,101,3.1962,3.1848,
324124114,6,126,3.1987,3.1819,
324124114,7,152,3.2061,3.1913,
324124114,8,177,3.1914,3.1851,
324124114,9,202,3.2033,3.1965,
324124114,10,227,3.2092,3.1925,
324124114,11,253,3.2127,3.1922,
324124114,12,278,3.2227,3.189,
324124114,13,303,3.2183,3.1943,
324124114,14,328,3.2175,3.2013,
324124114,15,354,3.2203,3.1933,
324124114,16,379,3.2317,3.1967,
324124114,17,404,3.2344,3.1977,
324124114,18,429,3.2349,3.1952,
324124114,19,455,3.2333,3.1994,
324124114,20,480,3.2333,3.2067,
324124114,21,505,3.2397,3.1993,
324124114,22,531,3.2375,3.2081,
324124114,23,556,3.2319,3.2033,
324124114,24,581,3.2518,3.2043,
324124114,25,606,3.2507,3.2064,
324124114,26,632,3.2496,3.2029,
324124114,27,657,3.2533,3.2018,
324124114,28,682,3.2578,3.201,
324124114,29,707,3.2473,3.216,
324124114,30,733,3.2507,3.2038,
324124114,31,758,3.2572,3.2147,
324124114,32,783,3.2538,3.216,
324124114,33,808,3.2572,3.2256,
324124114,34,834,3.2462,3.2127,
324124114,35,859,3.2447,3.2198,
324124114,36,884,3.2504,3.2055,
324124114,37,909,3.2358,3.2335,
324124114,38,935,3.2423,3.2195,
324124114,39,960,3.2368,3.2147,
324124114,40,985,3.2457,3.2197,
324124114,41,1011,3.2354,3.2168,
324124114,42,1036,3.234,3.218,
324124114,43,1061,3.2326,3.2166,
324124114,44,1086,3.2395,3.2174,
324124114,45,1112,3.2426,3.2215,
324124114,46,1137,3.2474,3.2174,
324124114,47,1162,3.2425,3.2223,
324124114,48,1187,3.2426,3.2183,
324124114,49,1213,3.242,3.2102,
324124114,50,1238,3.2477,3.2045,
324124114,51,1263,3.2416,3.2114,
324124114,52,1288,3.2433,3.2001,
324124114,53,1314,3.2402,3.2057,
324124114,54,1339,3.2343,3.2055,
324124114,55,1364,3.237,3.1924,
324124114,56,1389,3.2434,3.199,
324124114,57,1415,3.2411,3.1933,
324124114,58,1440,3.2473,3.2039,
324124114,59,1465,3.2393,3.1849,
324124114,60,1491,3.2353,3.1895,
324124114,61,1516,3.235,3.1811,
324124114,62,1541,3.2222,3.1809,
324124114,63,1566,3.2244,3.1724,
324124114,64,1592,3.2269,3.1787,
324124114,65,1617,3.224,3.1808,
324124114,66,1642,3.2174,3.1738,
324124114,67,1667,3.2139,3.1863,
324124114,68,1693,3.2103,3.172,
324124114,69,1718,3.209,3.1699,
324124114,70,1743,3.2139,3.1637,
324124114,71,1768,3.2115,3.1576,
324124114,72,1794,3.2218,3.1739,
324124114,73,1819,3.2216,3.1818,
324124114,74,1844,3.2282,3.1875,
324124114,75,1869,3.2189,3.1844,
324124114,76,1895,3.2102,3.1899,
324124114,77,1920,3.2241,3.1933,
324124114,78,1945,3.2174,3.1945,
324124114,79,1971,3.2133,3.2047,
324124114,80,1996,3.2242,3.1925,
324124114,81,2021,3.2131,3.2053,
324124114,82,2046,3.2228,3.2002,
324124114,83,2072,3.2154,3.2214,
324124114,84,2097,3.2262,3.2277,
324124114,85,2122,3.2124,3.2138,
324124114,86,2147,3.2161,3.1988,
324124114,87,2173,3.2249,3.2138,
324124114,88,2198,3.2282,3.2073,
324124114,89,2223,3.2315,3.2153,
324124114,90,2248,3.2332,3.2137,
324124114,91,2274,3.229,3.216,
324124114,92,2299,3.2304,3.2183,
324124114,93,2324,3.2356,3.2221,
324124114,94,2349,3.2381,3.2255,
324124114,95,2375,3.2365,
324124114,96,2400,3.2263,
