,bin,time(ms),color change & not first & update & correct,no color change & not first & no update & correct,
207280074,1,0,0,0,
207280074,2,25,0.43787,0.40243,
207280074,3,51,0.33273,0.57315,
207280074,4,76,0.66979,0.31853,
207280074,5,101,1.0093,0.60687,
207280074,6,126,0.10861,-0.10324,
207280074,7,152,0.32258,0.14952,
207280074,8,177,0.71179,0.068779,
207280074,9,202,0.36968,-0.16933,
207280074,10,227,0.29579,0.030235,
207280074,11,253,0.68035,-0.23042,
207280074,12,278,0.60536,-0.7006,
207280074,13,303,0.6604,-0.050556,
207280074,14,328,0.70428,-0.35137,
207280074,15,354,0.49298,0.28889,
207280074,16,379,0.84395,0.16997,
207280074,17,404,0.19124,0.58181,
207280074,18,429,0.57048,-0.060373,
207280074,19,455,1.0209,0.35006,
207280074,20,480,0.80356,-0.15056,
207280074,21,505,0.74521,-0.074415,
207280074,22,531,0.55977,0.83858,
207280074,23,556,0.12919,0.72073,
207280074,24,581,0.65385,0.90844,
207280074,25,606,0.66416,0.99434,
207280074,26,632,0.47365,0.83211,
207280074,27,657,0.15403,0.97197,
207280074,28,682,0.59358,1.1296,
207280074,29,707,0.78651,0.57275,
207280074,30,733,-0.21704,1.437,
207280074,31,758,0.26137,1.2381,
207280074,32,783,0.18796,1.665,
207280074,33,808,0.9056,1.4485,
207280074,34,834,0.83175,1.473,
207280074,35,859,0.64373,2.1668,
207280074,36,884,0.029379,2.1524,
207280074,37,909,0.36548,1.9976,
207280074,38,935,0.98389,2.2623,
207280074,39,960,0.75118,2.7838,
207280074,40,985,0.365,2.2311,
207280074,41,1011,1.043,3.2158,
207280074,42,1036,0.67537,2.2833,
207280074,43,1061,1.603,2.8169,
207280074,44,1086,1.3937,1.9901,
207280074,45,1112,1.383,1.9008,
207280074,46,1137,1.9441,1.914,
207280074,47,1162,1.944,1.9392,
207280074,48,1187,1.9595,1.5809,
207280074,49,1213,1.8622,1.9568,
207280074,50,1238,2.1337,2.1369,
207280074,51,1263,1.4101,2.3708,
207280074,52,1288,2.1902,2.4168,
207280074,53,1314,2.6877,1.7293,
207280074,54,1339,2.3486,2.1337,
207280074,55,1364,3.0181,0.99451,
207280074,56,1389,3.0572,1.1291,
207280074,57,1415,2.902,1.6385,
207280074,58,1440,3.582,0.92955,
207280074,59,1465,3.1604,0.79367,
207280074,60,1491,3.4332,1.0657,
207280074,61,1516,3.5699,0.27664,
207280074,62,1541,3.7345,0.48083,
207280074,63,1566,4.2238,0.55994,
207280074,64,1592,3.9019,1.0519,
207280074,65,1617,3.8295,0.81639,
207280074,66,1642,4.401,1.2337,
207280074,67,1667,4.281,0.55554,
207280074,68,1693,3.9093,0.26484,
207280074,69,1718,4.4614,0.66283,
207280074,70,1743,4.0036,-0.073202,
207280074,71,1768,4.1824,0.59923,
207280074,72,1794,4.3849,-0.1137,
207280074,73,1819,4.0721,0.66558,
207280074,74,1844,3.8399,0.068677,
207280074,75,1869,3.85,0.13444,
207280074,76,1895,3.3203,0.38559,
207280074,77,1920,3.4437,0.29522,
207280074,78,1945,3.1847,-0.53762,
207280074,79,1971,3.123,0.33548,
207280074,80,1996,2.452,0.30208,
207280074,81,2021,2.2078,-0.87708,
207280074,82,2046,2.2025,-0.45086,
207280074,83,2072,2.0134,-0.35582,
207280074,84,2097,1.5487,-0.94954,
207280074,85,2122,0.61506,-0.57399,
207280074,86,2147,1.0372,-0.40717,
207280074,87,2173,1.295,-0.10841,
207280074,88,2198,-0.015836,-0.21391,
207280074,89,2223,-0.080025,0.14722,
207280074,90,2248,-0.4277,-0.083886,
207280074,91,2274,-0.65431,0.055697,
207280074,92,2299,-1.3776,-0.80076,
207280074,93,2324,-1.9356,-0.15916,
207280074,94,2349,-1.595,
207280074,95,2375,-1.1895,
207280074,96,2400,-1.0322,
208278119,1,0,0,0,
208278119,2,25,0.31912,-0.37647,
208278119,3,50,1.0649,0.32137,
208278119,4,76,1.5199,-0.11385,
208278119,5,101,1.0477,0.23389,
208278119,6,126,1.1962,0.60534,
208278119,7,151,1.1862,0.91572,
208278119,8,177,1.1054,1.0435,
208278119,9,202,0.55214,1.4821,
208278119,10,227,1.4086,2.3011,
208278119,11,252,1.7993,2.1399,
208278119,12,277,1.2988,2.4985,
208278119,13,303,1.2522,3.2569,
208278119,14,328,1.0102,2.6495,
208278119,15,353,0.76414,3.0186,
208278119,16,378,0.75416,2.6337,
208278119,17,404,1.2019,2.7725,
208278119,18,429,0.39122,3.6249,
208278119,19,454,1.1704,3.064,
208278119,20,479,1.5699,2.7305,
208278119,21,504,1.0729,2.9416,
208278119,22,530,0.74728,2.7652,
208278119,23,555,0.99243,2.5842,
208278119,24,580,0.72766,2.3843,
208278119,25,605,0.97597,2.081,
208278119,26,630,0.71209,2.3898,
208278119,27,656,1.294,2.1788,
208278119,28,681,0.83801,1.6123,
208278119,29,706,0.47653,1.3907,
208278119,30,731,1.1619,2.1954,
208278119,31,757,1.0867,2.434,
208278119,32,782,1.4546,1.8723,
208278119,33,807,1.6673,2.6563,
208278119,34,832,1.4838,3.4999,
208278119,35,857,1.6542,3.1035,
208278119,36,883,2.1775,2.0428,
208278119,37,908,1.4207,2.3444,
208278119,38,933,1.9333,3.4929,
208278119,39,958,1.5905,2.1316,
208278119,40,984,2.0136,2.7864,
208278119,41,1009,2.0744,2.6965,
208278119,42,1034,2.1563,2.2306,
208278119,43,1059,2.1062,2.5273,
208278119,44,1084,2.2334,2.9571,
208278119,45,1110,2.076,2.8679,
208278119,46,1135,2.3298,2.7926,
208278119,47,1160,2.286,2.9536,
208278119,48,1185,2.4581,3.1053,
208278119,49,1211,2.062,2.2306,
208278119,50,1236,2.3651,3.1929,
208278119,51,1261,2.8334,3.0345,
208278119,52,1286,2.3508,3.3535,
208278119,53,1311,2.4145,3.2142,
208278119,54,1337,3.0961,3.9549,
208278119,55,1362,2.8272,2.7764,
208278119,56,1387,3.0977,2.5278,
208278119,57,1412,3.0318,3.3151,
208278119,58,1438,2.5455,2.8027,
208278119,59,1463,3.0487,2.8659,
208278119,60,1488,2.6994,3.0199,
208278119,61,1513,2.6665,2.4772,
208278119,62,1538,2.1783,2.3736,
208278119,63,1564,1.5853,3.0081,
208278119,64,1589,1.7001,3.1259,
208278119,65,1614,1.5729,2.8526,
208278119,66,1639,1.8586,2.9688,
208278119,67,1664,2.3982,2.864,
208278119,68,1690,1.4244,2.6771,
208278119,69,1715,1.9854,3.0845,
208278119,70,1740,2.2408,2.8276,
208278119,71,1765,1.8791,2.7159,
208278119,72,1791,1.6844,3.1432,
208278119,73,1816,2.3807,3.6375,
208278119,74,1841,1.5909,3.046,
208278119,75,1866,1.889,2.8349,
208278119,76,1891,1.7211,2.5619,
208278119,77,1917,1.9004,2.4047,
208278119,78,1942,1.8322,2.6824,
208278119,79,1967,2.5227,3.2134,
208278119,80,1992,1.1972,3.5122,
208278119,81,2018,1.4974,3.7791,
208278119,82,2043,1.2843,3.7627,
208278119,83,2068,0.50097,3.5186,
208278119,84,2093,1.2957,4.2336,
208278119,85,2118,0.9044,3.719,
208278119,86,2144,1.1923,3.9869,
208278119,87,2169,1.6858,4.2782,
208278119,88,2194,1.0059,4.0528,
208278119,89,2219,1.2488,2.7627,
208278119,90,2245,1.5659,3.2666,
208278119,91,2270,0.77431,3.1535,
208278119,92,2295,0.45017,3.0313,
208278119,93,2320,0.82674,3.0994,
208278119,94,2345,1.8084,3.633,
208278119,95,2371,1.4639,2.4241,
208278119,96,2396,1.4683,2.9194,
208278119,97,2421,1.0738,2.5578,
208278119,98,2446,0.67677,2.647,
208278119,99,2471,0.59899,2.0232,
208278119,100,2497,0.85959,2.7678,
208278119,101,2522,0.46845,2.6773,
208278119,102,2547,0.59345,1.9591,
208278119,103,2572,1.0151,1.5278,
208278119,104,2598,-0.5244,1.9888,
208278119,105,2623,0.47369,2.5999,
208278119,106,2648,0.21709,1.7723,
208278119,107,2673,0.24408,1.5742,
208278119,108,2698,0.72452,1.8074,
208278119,109,2724,0.53368,0.9311,
208278119,110,2749,0.53515,1.1429,
208278119,111,2774,0.57046,0.72314,
208278119,112,2799,0.40401,0.8829,
208278119,113,2825,2.2695,
208278119,114,2850,1.6503,
208278119,115,2875,1.8308,
209049931,1,0,0,0,
209049931,2,25,-0.19744,0.52091,
209049931,3,51,-0.31993,0.61075,
209049931,4,76,-0.088857,0.037934,
209049931,5,101,-0.079371,0.74126,
209049931,6,126,0.27977,0.57683,
209049931,7,152,0.35585,0.92607,
209049931,8,177,0.73404,1.2119,
209049931,9,202,0.18297,1.0776,
209049931,10,227,-0.030149,0.70693,
209049931,11,253,0.3011,1.1608,
209049931,12,278,0.38992,1.4021,
209049931,13,303,0.59765,1.7429,
209049931,14,328,0.53743,1.0699,
209049931,15,354,0.55652,2.4078,
209049931,16,379,0.37382,1.9189,
209049931,17,404,0.36096,1.6788,
209049931,18,429,0.45541,1.8883,
209049931,19,455,0.32318,2.1444,
209049931,20,480,0.44556,1.7842,
209049931,21,505,0.51685,1.2959,
209049931,22,530,0.068326,1.5755,
209049931,23,556,0.28798,2.1162,
209049931,24,581,0.25452,2.1425,
209049931,25,606,0.42004,2.0868,
209049931,26,631,0.47076,2.4125,
209049931,27,657,0.64152,2.3656,
209049931,28,682,0.49166,2.9311,
209049931,29,707,0.84443,2.864,
209049931,30,732,1.1858,2.8988,
209049931,31,758,1.1895,3.1249,
209049931,32,783,0.6756,2.2957,
209049931,33,808,1.2599,2.5149,
209049931,34,834,1.8464,2.3262,
209049931,35,859,1.5142,2.8328,
209049931,36,884,1.3007,1.9592,
209049931,37,909,1.4476,1.9569,
209049931,38,935,1.6308,2.4026,
209049931,39,960,1.6293,1.9578,
209049931,40,985,1.4681,2.088,
209049931,41,1010,1.9398,2.345,
209049931,42,1036,1.9026,2.5472,
209049931,43,1061,2.0684,2.1594,
209049931,44,1086,2.2205,1.6002,
209049931,45,1111,1.5393,1.5305,
209049931,46,1137,1.9562,2.0965,
209049931,47,1162,2.4631,2.2139,
209049931,48,1187,1.8721,1.6904,
209049931,49,1212,1.8705,1.9024,
209049931,50,1238,2.1621,2.1364,
209049931,51,1263,2.2413,1.8175,
209049931,52,1288,1.7194,0.90519,
209049931,53,1313,1.774,0.7243,
209049931,54,1339,1.8767,0.53955,
209049931,55,1364,1.8883,1.0884,
209049931,56,1389,1.7784,0.14924,
209049931,57,1414,1.8972,0.24711,
209049931,58,1440,1.392,0.49439,
209049931,59,1465,0.83681,-0.010522,
209049931,60,1490,1.1606,-0.69831,
209049931,61,1515,1.2307,-0.153,
209049931,62,1541,1.3999,-0.37567,
209049931,63,1566,1.2288,-0.13619,
209049931,64,1591,1.6724,-0.17426,
209049931,65,1616,1.9534,-0.76462,
209049931,66,1642,1.4791,-0.056132,
209049931,67,1667,0.83684,0.022761,
209049931,68,1692,1.0659,-0.19934,
209049931,69,1718,1.0078,-0.37051,
209049931,70,1743,1.8688,-0.28873,
209049931,71,1768,1.4256,0.062461,
209049931,72,1793,1.3999,-0.43195,
209049931,73,1819,0.43314,0.30601,
209049931,74,1844,0.76888,0.033092,
209049931,75,1869,0.60609,0.048765,
209049931,76,1894,0.81001,0.11419,
209049931,77,1920,1.18,-0.38192,
209049931,78,1945,0.29686,-0.50867,
209049931,79,1970,0.56933,-0.35919,
209049931,80,1995,0.73633,-0.58556,
209049931,81,2021,0.40152,-0.52879,
209049931,82,2046,0.45727,-0.49717,
209049931,83,2071,1.1405,-1.4542,
209049931,84,2096,0.70255,-0.65292,
209049931,85,2122,0.43047,-1.4612,
209049931,86,2147,0.11831,-1.3502,
209049931,87,2172,-0.64008,-1.4592,
209049931,88,2197,0.19057,
209049931,89,2223,1.2256,
209049931,90,2248,0.4882,
209049931,91,2273,0.25084,
209049931,92,2298,-1.0744,
209049931,93,2324,-1.3469,
209049931,94,2349,-1.3838,
209049931,95,2374,-0.87962,
209049931,96,2399,-0.8426,
209049931,97,2425,-0.8271,
209049931,98,2450,-1.1093,
209154863,1,0,0,0,
209154863,2,25,-0.041962,0.45684,
209154863,3,50,-0.2393,0.37969,
209154863,4,76,-0.62771,0.1745,
209154863,5,101,-0.24132,0.10082,
209154863,6,126,-0.84699,0.21629,
209154863,7,151,-0.54058,-0.22711,
209154863,8,176,-0.86851,0.39295,
209154863,9,202,-1.1982,-0.035731,
209154863,10,227,-1.3899,-0.060788,
209154863,11,252,-1.0977,-0.0097301,
209154863,12,277,-1.656,-0.011278,
209154863,13,302,-1.4309,0.17409,
209154863,14,327,-1.2163,0.054259,
209154863,15,353,-1.5655,0.30101,
209154863,16,378,-1.9986,0.16154,
209154863,17,403,-2.1848,0.21143,
209154863,18,428,-1.8699,0.16259,
209154863,19,453,-1.5443,-0.067661,
209154863,20,479,-1.591,-0.11786,
209154863,21,504,-2.0468,0.24088,
209154863,22,529,-2.0533,0.1579,
209154863,23,554,-1.1347,0.11708,
209154863,24,579,-1.2534,0.050144,
209154863,25,605,-1.4194,0.39392,
209154863,26,630,-0.86436,0.3991,
209154863,27,655,-0.66372,0.43537,
209154863,28,680,-0.3691,0.056318,
209154863,29,705,-0.067918,0.81361,
209154863,30,730,-0.039278,0.75579,
209154863,31,756,-0.23514,0.51513,
209154863,32,781,-0.11753,0.45822,
209154863,33,806,0.30839,0.59493,
209154863,34,831,0.31478,0.72064,
209154863,35,856,0.6422,1.0308,
209154863,36,882,0.28045,1.1052,
209154863,37,907,0.81723,1.234,
209154863,38,932,0.53379,1.3535,
209154863,39,957,0.74823,1.2572,
209154863,40,982,0.93938,1.1822,
209154863,41,1008,1.2253,1.2819,
209154863,42,1033,1.583,1.7103,
209154863,43,1058,1.4227,1.743,
209154863,44,1083,1.4056,1.5993,
209154863,45,1108,1.7388,1.6798,
209154863,46,1133,1.7565,2.1052,
209154863,47,1159,1.6842,2.215,
209154863,48,1184,2.1526,2.0368,
209154863,49,1209,2.0822,2.4378,
209154863,50,1234,2.0678,2.4758,
209154863,51,1259,2.4281,2.7563,
209154863,52,1285,2.671,2.9293,
209154863,53,1310,2.6919,2.9358,
209154863,54,1335,2.8598,2.9195,
209154863,55,1360,3.3153,3.0158,
209154863,56,1385,3.42,3.0767,
209154863,57,1411,3.4366,3.0841,
209154863,58,1436,3.2097,2.882,
209154863,59,1461,3.4078,2.8388,
209154863,60,1486,3.4317,2.8621,
209154863,61,1511,3.1123,2.9326,
209154863,62,1536,3.023,2.8269,
209154863,63,1562,2.8599,2.5187,
209154863,64,1587,2.5997,2.3123,
209154863,65,1612,2.1204,2.1046,
209154863,66,1637,1.6105,1.8427,
209154863,67,1662,1.6133,1.6266,
209154863,68,1688,1.7799,1.4438,
209154863,69,1713,1.2504,1.0139,
209154863,70,1738,1.4235,1.1929,
209154863,71,1763,1.2368,0.95807,
209154863,72,1788,1.0855,0.66238,
209154863,73,1814,0.99198,0.74754,
209154863,74,1839,0.67686,0.94167,
209154863,75,1864,0.74047,0.48315,
209154863,76,1889,1.0233,0.71948,
209154863,77,1914,1.1641,0.88719,
209154863,78,1939,1.0022,0.49852,
209154863,79,1965,1.1722,0.53165,
209154863,80,1990,1.3539,0.68101,
209154863,81,2015,1.4598,0.1205,
209154863,82,2040,1.3863,-0.055473,
209154863,83,2065,1.1988,0.56141,
209154863,84,2091,1.2326,0.12198,
209154863,85,2116,1.2516,-0.031508,
209154863,86,2141,1.4214,0.1892,
209154863,87,2166,1.494,0.097031,
209154863,88,2191,1.1025,-0.050107,
209154863,89,2217,0.76612,-0.055722,
209154863,90,2242,0.74891,-0.31538,
209154863,91,2267,0.46249,-0.46528,
209154863,92,2292,0.38387,-0.50369,
209154863,93,2317,0.34841,-0.48422,
209154863,94,2342,0.56912,-0.65835,
209154863,95,2368,0.35125,-0.8293,
209154863,96,2393,0.040596,-0.25217,
209154863,97,2418,-0.1085,-0.6673,
209154863,98,2443,-0.31001,-0.91611,
209154863,99,2468,-0.32145,-1.0817,
209154863,100,2494,-0.035883,-0.88309,
209154863,101,2519,-0.050309,-0.66291,
209154863,102,2544,-0.029655,-1.3931,
209154863,103,2569,-0.10978,-1.2605,
209154863,104,2594,-0.2336,-1.3499,
209154863,105,2620,-0.16334,-1.306,
209154863,106,2645,-0.2141,-1.3797,
209154863,107,2670,-0.37027,-1.1104,
209154863,108,2695,0.12406,-1.1206,
209154863,109,2720,-0.20803,-1.2346,
209154863,110,2745,-0.016973,-1.3761,
209154863,111,2771,-0.0010498,-1.111,
209154863,112,2796,0.0059777,-1.0542,
209154863,113,2821,0.1072,-1.2381,
209154863,114,2846,0.52376,-1.2154,
209154863,115,2871,0.20953,-1.2311,
209154863,116,2897,0.49985,-1.3671,
209154863,117,2922,0.61164,-1.0823,
209154863,118,2947,0.37509,-1.3167,
209154863,119,2972,0.84483,-1.4904,
209154863,120,2997,0.7661,-1.6514,
209154863,121,3023,0.46605,-1.1821,
209154863,122,3048,0.97562,-1.6676,
209154863,123,3073,0.88072,-1.7794,
209154863,124,3098,1.1049,-1.4728,
209154863,125,3123,1.4533,-1.423,
209154863,126,3148,1.6196,-1.4756,
209154863,127,3174,1.5844,-1.4332,
209154863,128,3199,1.6407,-1.3178,
209154863,129,3224,1.5291,-1.5635,
209154863,130,3249,1.3895,-1.724,
209154863,131,3274,1.1585,
209154863,132,3300,1.5582,
209154863,133,3325,2.2697,
209154863,134,3350,2.2783,
211335542,1,0,0,0,
211335542,2,25,1.4686,-0.97699,
211335542,3,50,1.4046,0.38314,
211335542,4,76,0.57181,0.63891,
211335542,5,101,2.8815,-0.38634,
211335542,6,126,0.26782,0.34399,
211335542,7,151,0.29979,0.093302,
211335542,8,176,0.1974,0.33209,
211335542,9,202,0.25156,0.14136,
211335542,10,227,0.24026,0.11768,
211335542,11,252,0.99064,0.16719,
211335542,12,277,0.16766,0.48554,
211335542,13,303,0.94379,1.4362,
211335542,14,328,0.21452,-0.025826,
211335542,15,353,0.1392,0.020732,
211335542,16,378,0.16509,1.206,
211335542,17,403,-0.19152,-0.90008,
211335542,18,429,-0.48069,0.93392,
211335542,19,454,0.46577,0.50968,
211335542,20,479,0.58293,-0.32688,
211335542,21,504,-0.63188,-1.3445,
211335542,22,529,0.68603,-1.0399,
211335542,23,555,-0.059488,-1.1671,
211335542,24,580,-0.54972,-0.21189,
211335542,25,605,-1.0807,-0.11395,
211335542,26,630,-0.88309,-1.1857,
211335542,27,656,-2.3136,0.39514,
211335542,28,681,-1.0232,0.59791,
211335542,29,706,-0.47835,0.4731,
211335542,30,731,0.20412,-1.0831,
211335542,31,756,-1.1735,-0.7215,
211335542,32,782,0.62125,-0.91987,
211335542,33,807,1.592,-0.24543,
211335542,34,832,0.91989,-0.45802,
211335542,35,857,0.92429,-1.4939,
211335542,36,882,0.80386,-3.267,
211335542,37,908,0.95469,-2.3718,
211335542,38,933,1.3097,0.30231,
211335542,39,958,0.60274,-2.1475,
211335542,40,983,0.85205,0.043607,
211335542,41,1008,1.7782,-2.2939,
211335542,42,1034,-0.77039,-1.2275,
211335542,43,1059,0.30368,-2.2599,
211335542,44,1084,1.0576,-1.917,
211335542,45,1109,0.6806,-1.9656,
211335542,46,1135,1.624,-0.37579,
211335542,47,1160,2.8764,-0.063335,
211335542,48,1185,0.78017,-1.014,
211335542,49,1210,1.2131,-1.4691,
211335542,50,1235,2.4896,-1.0853,
211335542,51,1261,0.92347,-1.034,
211335542,52,1286,2.5093,-1.0145,
211335542,53,1311,1.4469,-0.65303,
211335542,54,1336,2.0496,-1.2982,
211335542,55,1361,0.6815,-0.94291,
211335542,56,1387,1.1303,-0.90432,
211335542,57,1412,2.7668,-0.71297,
211335542,58,1437,2.3774,-1.653,
211335542,59,1462,2.3724,-1.2911,
211335542,60,1488,2.9844,-1.2961,
211335542,61,1513,2.0653,-0.71387,
211335542,62,1538,2.8442,-0.41377,
211335542,63,1563,1.8051,-0.026902,
211335542,64,1588,-0.27598,-1.4579,
211335542,65,1614,0.86702,-0.19363,
211335542,66,1639,1.5165,-1.5204,
211335542,67,1664,0.94864,-1.9291,
211335542,68,1689,1.3794,-1.4281,
211335542,69,1714,2.768,-2.0559,
211335542,70,1740,0.92525,-0.69151,
211335542,71,1765,1.0437,-2.0179,
211335542,72,1790,1.0206,-1.2775,
211335542,73,1815,0.85007,-1.2198,
211335542,74,1840,-0.061281,-1.937,
211335542,75,1866,2.1621,0.12998,
211335542,76,1891,0.93675,-0.60285,
211335542,77,1916,0.39476,-0.73439,
211335542,78,1941,2.3873,-0.64004,
211335542,79,1967,1.2875,-0.032702,
211335542,80,1992,3.8057,-0.46824,
211335542,81,2017,3.2542,-0.94718,
211335542,82,2042,3.3452,-0.30923,
211335542,83,2067,2.0964,-0.98348,
211335542,84,2093,2.7499,-0.4236,
211335542,85,2118,1.6451,-0.31964,
211335542,86,2143,2.5162,-0.31669,
211335542,87,2168,2.0237,-1.3117,
211335542,88,2193,1.4733,-1.0295,
211335542,89,2219,2.6064,-0.31177,
211335542,90,2244,2.9136,-1.131,
211335542,91,2269,4.5525,-0.12146,
211335542,92,2294,2.9754,-0.43602,
211335542,93,2319,2.233,-0.26325,
211335542,94,2345,3.6273,-1.7097,
211335542,95,2370,2.302,-1.5298,
211335542,96,2395,3.1322,-1.1064,
211335542,97,2420,2.8685,-0.33122,
211335542,98,2446,5.4152,-1.2156,
211335542,99,2471,3.5374,-1.0224,
211335542,100,2496,2.1458,-1.5953,
211335542,101,2521,1.6349,-1.6333,
211335542,102,2546,1.8187,-0.81308,
211335542,103,2572,0.32913,-0.85704,
211335542,104,2597,1.187,-0.045434,
211335542,105,2622,2.0842,-0.82899,
211335542,106,2647,-0.092885,-0.8147,
211335542,107,2672,2.4465,-0.02554,
211335542,108,2698,0.53548,-1.9599,
211335542,109,2723,0.92609,-1.2161,
211335542,110,2748,0.70231,-1.686,
211335542,111,2773,1.5183,-1.3671,
211335542,112,2799,1.9173,-2.6312,
211335542,113,2824,1.1894,-1.2267,
211335542,114,2849,0.83764,-1.0429,
211335542,115,2874,-2.0614,
211335542,116,2899,-3.1611,
211335542,117,2925,-1.2572,
211335542,118,2950,-1.0317,
211335542,119,2975,-2.1521,
306346313,1,0,0,0,
306346313,2,25,-0.17899,-1.617,
306346313,3,51,-0.021265,-3.3143,
306346313,4,76,-2.1185,-1.0375,
306346313,5,102,-1.7361,-0.53507,
306346313,6,127,-2.8115,-0.028784,
306346313,7,152,-1.4905,-0.23623,
306346313,8,178,-1.1108,-3.7404,
306346313,9,203,-1.2192,-1.6946,
306346313,10,229,-3.1114,-3.9466,
306346313,11,254,-0.61956,-2.1649,
306346313,12,279,-0.36837,-0.30436,
306346313,13,305,0.62943,-5.9761,
306346313,14,330,-1.113,-3.8343,
306346313,15,356,-1.2256,-4.66,
306346313,16,381,0.56801,-0.63781,
306346313,17,406,-3.2687,1.4878,
306346313,18,432,-3.1742,2.5186,
306346313,19,457,-0.4634,2.21,
306346313,20,483,-1.0489,1.7635,
306346313,21,508,0.80344,-0.84942,
306346313,22,533,1.1889,2.6572,
306346313,23,559,0.96027,-1.6064,
306346313,24,584,-0.87627,1.4363,
306346313,25,610,-1.7076,-1.2206,
306346313,26,635,-1.247,-2.0412,
306346313,27,660,-1.3199,1.2629,
306346313,28,686,1.3101,-0.41625,
306346313,29,711,-2.9431,-3.415,
306346313,30,737,-0.047321,-1.0622,
306346313,31,762,-2.826,0.71709,
306346313,32,788,-0.67213,-1.4429,
306346313,33,813,-1.0258,-0.35249,
306346313,34,838,-3.5395,-0.36562,
306346313,35,864,-0.19776,2.3424,
306346313,36,889,1.8251,-0.46676,
306346313,37,915,0.31447,-0.93299,
306346313,38,940,-0.53972,-0.29116,
306346313,39,965,-0.3048,0.21446,
306346313,40,991,-0.51056,-0.61227,
306346313,41,1016,1.7072,-0.86025,
306346313,42,1042,3.4914,1.211,
306346313,43,1067,1.0915,0.51523,
306346313,44,1092,-0.41944,0.71551,
306346313,45,1118,-0.17925,-0.07736,
306346313,46,1143,-0.32504,0.8343,
306346313,47,1169,2.1854,0.80305,
306346313,48,1194,0.94064,
306346313,49,1219,-2.025,
306346313,50,1245,2.4883,
306346313,51,1270,-0.69706,
306346313,52,1296,2.8177,
306346313,53,1321,-1.0069,
306346313,54,1346,3.0607,
306346313,55,1372,-0.36006,
306346313,56,1397,-0.79532,
306346313,57,1423,1.9878,
306346313,58,1448,-0.11959,
306346313,59,1473,-0.97483,
306346313,60,1499,1.1963,
306346313,61,1524,-0.14965,
306346313,62,1550,-2.6173,
306346313,63,1575,0.13746,
314919309,1,0,0,0,
314919309,2,25,-0.37793,0.033781,
314919309,3,50,-0.35089,-0.22654,
314919309,4,76,0.090778,-0.20242,
314919309,5,101,-0.021121,0.063605,
314919309,6,126,0.20116,-0.068707,
314919309,7,151,0.45251,0.21149,
314919309,8,177,0.26266,0.27043,
314919309,9,202,0.48783,0.32281,
314919309,10,227,0.40517,0.39971,
314919309,11,252,0.31363,0.45946,
314919309,12,277,0.40942,0.58217,
314919309,13,303,0.30111,0.62335,
314919309,14,328,0.16342,0.57505,
314919309,15,353,-0.10131,0.41444,
314919309,16,378,-0.011552,0.66741,
314919309,17,404,-0.21616,0.56949,
314919309,18,429,-0.4551,0.49293,
314919309,19,454,-0.49469,0.20213,
314919309,20,479,-0.53995,0.27402,
314919309,21,504,-0.4187,0.22879,
314919309,22,530,-0.51969,-0.15078,
314919309,23,555,-0.6072,-0.16201,
314919309,24,580,-0.56375,-0.15885,
314919309,25,605,-0.69221,-0.2767,
314919309,26,631,-0.63547,-0.18265,
314919309,27,656,-0.78607,-0.36772,
314919309,28,681,-0.54114,-0.39074,
314919309,29,706,-0.52763,-0.25364,
314919309,30,731,-0.55645,-0.31428,
314919309,31,757,-0.14568,-0.51356,
314919309,32,782,-0.20152,-0.19754,
314919309,33,807,-0.038043,-0.23943,
314919309,34,832,0.096146,-0.055432,
314919309,35,858,0.15027,-0.055571,
314919309,36,883,0.29271,0.029656,
314919309,37,908,-0.20538,0.012609,
314919309,38,933,-0.058319,0.00021645,
314919309,39,958,-0.10669,0.11596,
314919309,40,984,-0.066345,0.31123,
314919309,41,1009,-0.055239,0.30923,
314919309,42,1034,0.021506,0.28973,
314919309,43,1059,-0.055877,0.2198,
314919309,44,1085,0.23433,0.20316,
314919309,45,1110,0.047949,0.33571,
314919309,46,1135,-0.03315,0.39651,
314919309,47,1160,0.18849,0.6289,
314919309,48,1185,0.24786,0.53684,
314919309,49,1211,0.1642,0.46617,
314919309,50,1236,0.12265,0.49511,
314919309,51,1261,-0.00023268,0.56635,
314919309,52,1286,0.17339,0.52078,
314919309,53,1312,0.17563,0.57181,
314919309,54,1337,0.19121,0.43192,
314919309,55,1362,-0.034432,0.45124,
314919309,56,1387,0.14004,0.3695,
314919309,57,1412,0.22397,0.2798,
314919309,58,1438,0.34483,0.63938,
314919309,59,1463,0.040248,0.99459,
314919309,60,1488,0.26044,1.1309,
314919309,61,1513,-0.056923,1.5165,
314919309,62,1538,0.16001,1.6735,
314919309,63,1564,-0.036839,1.7095,
314919309,64,1589,0.2057,1.9102,
314919309,65,1614,-0.064855,2.2594,
314919309,66,1639,-0.015436,2.5097,
314919309,67,1665,0.097986,2.3112,
314919309,68,1690,0.34877,2.163,
314919309,69,1715,0.32547,1.9109,
314919309,70,1740,0.14973,1.5391,
314919309,71,1765,0.43095,1.3008,
314919309,72,1791,0.074965,1.0343,
314919309,73,1816,-0.02747,0.82891,
314919309,74,1841,-0.1258,0.64506,
314919309,75,1866,-0.19163,0.18997,
314919309,76,1892,-0.16387,-0.21228,
314919309,77,1917,-0.1607,-0.4006,
314919309,78,1942,-0.40155,-0.89264,
314919309,79,1967,-0.37767,-0.98156,
314919309,80,1992,-0.50738,-1.3849,
314919309,81,2018,-0.73915,-1.3888,
314919309,82,2043,-0.87851,-1.391,
314919309,83,2068,-1.1869,-1.4568,
314919309,84,2093,-1.1197,-1.7153,
314919309,85,2119,-1.3187,-1.79,
314919309,86,2144,-1.6856,-1.9092,
314919309,87,2169,-1.8062,-1.7234,
314919309,88,2194,-1.7401,-1.7864,
314919309,89,2219,-1.9956,-1.7732,
314919309,90,2245,-1.9155,-1.6146,
314919309,91,2270,-2.2105,-1.4935,
314919309,92,2295,-2.146,-1.5033,
314919309,93,2320,-2.1711,-1.6739,
314919309,94,2346,-1.8554,-1.6064,
314919309,95,2371,-1.6289,-1.3403,
314919309,96,2396,-1.9817,-1.1383,
314919309,97,2421,-1.924,-0.94023,
314919309,98,2446,-1.6848,-0.9336,
314919309,99,2472,-1.8768,-0.72147,
314919309,100,2497,-1.4299,-0.81589,
314919309,101,2522,-1.3751,-0.65332,
314919309,102,2547,-2.0956,-0.70863,
314919309,103,2573,-2.2651,-0.51243,
314919309,104,2598,-2.0382,-0.37728,
314919309,105,2623,-0.53711,
314919309,106,2648,-0.41938,
314919309,107,2673,-0.49348,
314919309,108,2699,-0.51386,
314919309,109,2724,-0.46281,
314919309,110,2749,-0.42338,
314919309,111,2774,-0.4474,
314919309,112,2800,-0.13759,
314919309,113,2825,-0.51476,
314919309,114,2850,-0.18397,
318657061,1,0,0,0,
318657061,2,25,0.42207,-0.12826,
318657061,3,50,0.64017,-0.25896,
318657061,4,76,1.0002,-0.33607,
318657061,5,101,0.67391,-0.34632,
318657061,6,126,0.76526,0.042438,
318657061,7,151,0.69706,-0.33085,
318657061,8,176,0.71153,-0.20661,
318657061,9,202,0.78867,-0.22522,
318657061,10,227,0.80115,0.051423,
318657061,11,252,0.63964,0.18999,
318657061,12,277,0.71295,-0.013328,
318657061,13,303,0.69467,-0.079529,
318657061,14,328,0.82448,0.1984,
318657061,15,353,0.6011,-0.34072,
318657061,16,378,0.61424,-0.54231,
318657061,17,403,0.39175,-0.3527,
318657061,18,429,0.57415,-0.53386,
318657061,19,454,0.60631,-0.33236,
318657061,20,479,0.38711,-0.70661,
318657061,21,504,0.62475,-0.3274,
318657061,22,529,0.63968,-0.85478,
318657061,23,555,0.27471,-1.0762,
318657061,24,580,0.48748,-0.93483,
318657061,25,605,0.44847,-0.83232,
318657061,26,630,0.2551,-0.7642,
318657061,27,656,0.47398,-0.70445,
318657061,28,681,0.41508,-0.83702,
318657061,29,706,-0.020457,-0.55949,
318657061,30,731,0.14225,-0.67515,
318657061,31,756,0.31691,-0.69062,
318657061,32,782,0.20818,-0.78523,
318657061,33,807,0.10286,-0.35519,
318657061,34,832,0.45152,-1.0154,
318657061,35,857,-0.26826,-0.43314,
318657061,36,882,-0.19388,-0.78817,
318657061,37,908,0.090394,-0.81848,
318657061,38,933,-0.21619,-0.56036,
318657061,39,958,-0.2374,-0.99135,
318657061,40,983,0.20533,-0.61045,
318657061,41,1009,-0.23845,-0.8344,
318657061,42,1034,0.15669,-0.61718,
318657061,43,1059,-0.19531,-0.93538,
318657061,44,1084,-0.3607,-0.69961,
318657061,45,1109,-0.29919,-0.73353,
318657061,46,1135,-0.17045,-0.82616,
318657061,47,1160,-0.1058,-0.64959,
318657061,48,1185,-0.18391,-0.82886,
318657061,49,1210,-0.42006,-0.96446,
318657061,50,1235,0.15748,-0.70557,
318657061,51,1261,-0.24302,-0.92293,
318657061,52,1286,-0.13433,-1.0232,
318657061,53,1311,-0.27226,-0.47245,
318657061,54,1336,-0.36937,-0.5791,
318657061,55,1362,-0.019976,-0.62497,
318657061,56,1387,-0.15596,-0.94199,
318657061,57,1412,-0.39328,-0.77657,
318657061,58,1437,-0.1399,-1.2066,
318657061,59,1462,-0.20136,-1.0094,
318657061,60,1488,-0.54179,-1.1326,
318657061,61,1513,-0.50836,-1.251,
318657061,62,1538,-0.30379,-1.178,
318657061,63,1563,-1.1004,-1.1483,
318657061,64,1588,-0.9047,-1.0158,
318657061,65,1614,-0.93035,-0.89276,
318657061,66,1639,-0.51812,-0.62423,
318657061,67,1664,-0.80162,-1.1334,
318657061,68,1689,-0.9428,-0.81177,
318657061,69,1715,-1.0234,-0.9725,
318657061,70,1740,-1.3188,-0.47892,
318657061,71,1765,-0.76725,-0.54268,
318657061,72,1790,-1.028,-0.61262,
318657061,73,1815,-1.0065,-0.64622,
318657061,74,1841,-1.1218,-0.42798,
318657061,75,1866,-1.1396,-0.36232,
318657061,76,1891,-0.6563,-0.67147,
318657061,77,1916,-0.88637,-0.76273,
318657061,78,1941,-0.95409,-0.95172,
318657061,79,1967,-1.127,-0.50886,
318657061,80,1992,-0.67938,-1.0637,
318657061,81,2017,-0.83815,-0.70561,
318657061,82,2042,-0.67974,-1.0698,
318657061,83,2068,-0.82752,-1.2244,
318657061,84,2093,-0.94584,-0.87195,
318657061,85,2118,-0.88257,-1.0983,
318657061,86,2143,-0.57238,-0.96615,
318657061,87,2168,-1.1903,-0.8121,
318657061,88,2194,-0.53117,-1.2062,
318657061,89,2219,-0.61358,-0.7891,
318657061,90,2244,-0.9897,-1.07,
318657061,91,2269,-0.92183,-1.3151,
318657061,92,2294,-0.92115,-0.98872,
318657061,93,2320,-0.74273,-0.96866,
318657061,94,2345,-0.59048,-0.90091,
318657061,95,2370,-1.1805,-1.0311,
318657061,96,2395,-0.80581,-1.2673,
318657061,97,2421,-1.0067,-0.9894,
318657061,98,2446,-1.2477,-1.0021,
318657061,99,2471,-1.0928,-0.9655,
318657061,100,2496,-1.5148,-0.84981,
318657061,101,2521,-1.3855,-0.68556,
318657061,102,2547,-1.5281,-0.755,
318657061,103,2572,-1.5421,-0.25104,
318657061,104,2597,-1.3889,-0.42017,
318657061,105,2622,-2.1671,-0.62101,
318657061,106,2647,-2.1901,-0.46938,
318657061,107,2673,-2.1058,-0.49655,
318657061,108,2698,-2.0926,-0.61842,
318657061,109,2723,-2.2205,-0.57496,
318657061,110,2748,-2.1043,-0.65618,
318657061,111,2774,-2.2048,-0.37446,
318657061,112,2799,-1.7401,-0.37739,
318657061,113,2824,-1.8993,-0.40086,
318657061,114,2849,-1.9968,-0.31351,
318657061,115,2874,-1.82,-0.50672,
318657061,116,2900,-0.97771,
318657061,117,2925,-0.56343,
318657061,118,2950,-0.39546,
324124114,1,0,0,0,
324124114,2,25,-0.16045,0.28695,
324124114,3,51,-0.10617,0.032075,
324124114,4,76,-0.17981,-0.072726,
324124114,5,101,0.0020775,-0.34763,
324124114,6,126,0.022149,0.017303,
324124114,7,152,0.25301,-0.40982,
324124114,8,177,0.12319,-0.56889,
324124114,9,202,0.62299,-0.050202,
324124114,10,227,0.64346,0.07543,
324124114,11,253,0.15989,0.068133,
324124114,12,278,-0.0079788,0.56419,
324124114,13,303,-0.0062217,0.4196,
324124114,14,328,0.53913,0.44033,
324124114,15,354,0.16092,0.23077,
324124114,16,379,0.18934,0.92419,
324124114,17,404,0.45494,0.92465,
324124114,18,429,0.32929,1.0854,
324124114,19,455,0.36983,0.51289,
324124114,20,480,0.51024,0.96184,
324124114,21,505,0.21987,1.347,
324124114,22,530,0.42924,1.4671,
324124114,23,556,0.31757,1.3771,
324124114,24,581,0.49762,1.6258,
324124114,25,606,0.73787,1.7638,
324124114,26,632,0.33715,1.5713,
324124114,27,657,0.17524,1.5901,
324124114,28,682,0.23781,2.1066,
324124114,29,707,0.71577,1.1817,
324124114,30,733,0.74704,1.5606,
324124114,31,758,0.70689,1.7324,
324124114,32,783,0.94718,1.4366,
324124114,33,808,1.1886,1.6366,
324124114,34,834,0.76958,0.54987,
324124114,35,859,1.06,0.4965,
324124114,36,884,0.38179,0.2144,
324124114,37,909,1.6442,0.056616,
324124114,38,935,1.1718,0.1642,
324124114,39,960,0.87262,0.34895,
324124114,40,985,0.96693,0.36903,
324124114,41,1010,0.71638,0.20865,
324124114,42,1036,0.6903,-0.028302,
324124114,43,1061,0.5331,0.054226,
324124114,44,1086,0.846,0.77952,
324124114,45,1111,1.1351,0.41505,
324124114,46,1137,1.0544,0.59241,
324124114,47,1162,1.2876,0.32837,
324124114,48,1187,1.1763,0.21922,
324124114,49,1213,0.87295,0.14627,
324124114,50,1238,0.48308,0.13782,
324124114,51,1263,0.64179,-0.14416,
324124114,52,1288,0.53867,-0.30363,
324124114,53,1314,0.48586,-0.70107,
324124114,54,1339,0.40633,-0.86505,
324124114,55,1364,0.52825,-0.65843,
324124114,56,1389,0.65827,-0.11989,
324124114,57,1415,0.23786,-0.047572,
324124114,58,1440,0.51448,-0.26426,
324124114,59,1465,-0.17216,-0.46507,
324124114,60,1490,0.041686,-0.53191,
324124114,61,1516,-0.67875,-0.5025,
324124114,62,1541,-0.2484,-0.15352,
324124114,63,1566,-0.77426,-0.21027,
324124114,64,1591,-0.67984,-0.26219,
324124114,65,1617,-0.41448,-0.0049064,
324124114,66,1642,-0.39141,-0.41323,
324124114,67,1667,-0.28952,-0.63668,
324124114,68,1692,-0.97162,-0.57202,
324124114,69,1718,-0.78959,-0.21743,
324124114,70,1743,-1.5197,-0.053073,
324124114,71,1768,-1.9476,0.054608,
324124114,72,1793,-1.7037,0.14184,
324124114,73,1819,-1.5737,0.053883,
324124114,74,1844,-1.4265,0.45311,
324124114,75,1869,-1.3517,0.2172,
324124114,76,1895,-1.7282,-0.090236,
324124114,77,1920,-1.2363,0.024358,
324124114,78,1945,-1.4252,-0.1664,
324124114,79,1970,-1.3809,-1.0466,
324124114,80,1996,-1.3519,-0.51025,
324124114,81,2021,-1.4181,-0.98869,
324124114,82,2046,-1.3041,-1.1267,
324124114,83,2071,-0.97486,-1.3139,
324124114,84,2097,-0.6403,-0.66801,
324124114,85,2122,-1.3819,-0.74141,
324124114,86,2147,-1.204,-0.84152,
324124114,87,2172,-0.95741,-1.3006,
324124114,88,2198,-1.1385,-1.5756,
324124114,89,2223,-1.0058,-1.027,
324124114,90,2248,-1.5696,-1.2205,
324124114,91,2273,-1.3182,-0.94553,
324124114,92,2299,-0.66234,-1.1797,
324124114,93,2324,-0.75703,-0.94667,
324124114,94,2349,-0.50189,
324124114,95,2374,0.090136,
324124114,96,2400,-0.12327,
324124114,97,2425,0.42402,
