RecordingTimestamp,EyetrackerTimestamp,PupilDiameterLeft,PupilDiameterRight,EyePositionLeftZ_RCSmm_,EyePositionRightZ_RCSmm_
11080.037355422974,5591382125,3.511459350585937,2.976837158203125,73.83546447753906,71.96804809570312
11105.040073394775,5591407124,3.084228515625,2.9162750244140625,65.31820678710939,70.24882507324219
11130.046606063845,5591432121,3.535140991210937,2.8933258056640625,72.87765502929688,71.60240173339844
11155.04026412964,5591457120,3.687088012695313,2.891448974609375,67.23573303222656,74.28579711914062
11180.037498474121,5591482115,3.0860137939453125,2.867218017578125,68.28199768066406,75.98219299316406
11205.040216445923,5591507113,3.4608154296875,2.925018310546875,69.55143737792969,72.2276611328125
11230.018854141235,5591532112,2.8407135009765625,2.972412109375,70.8565902709961,69.96377563476561
11255.009889602661,5591557108,2.837509155273437,3.0200958251953125,66.15822601318361,73.865966796875
11280.02142906189,5591582107,3.1597900390625,2.901351928710937,60.39465713500977,74.23856353759766
11305.038452148438,5591607105,2.9292755126953125,2.947128295898437,69.03836059570311,68.60336303710939
11330.039024353027,5591632100,2.894989013671875,3.0644683837890625,66.6309814453125,65.87466430664061
11355.04698753357,5591657099,2.979598999023437,2.8368072509765625,69.20695495605469,72.2413330078125
11380.038022994995,5591682095,2.9236297607421875,3.028472900390625,69.60568237304689,71.412841796875
11434.041976928711,5591707123,2.948577880859375,2.887115478515625,68.97991943359375,73.78376007080078
11471.039772033691,5591732091,2.9588775634765625,3.132431030273437,69.63252258300781,79.73966217041016
11487.039566040039,5591757089,2.972518920898437,2.932723999023437,65.3651123046875,70.5594482421875
11705.011367797852,5592007066,3.0215301513671875,2.721420288085937,75.65377807617188,64.29522705078125
11730.032682418823,5592032064,2.9141387939453125,3.307220458984375,82.35089874267578,77.09898376464844
11756.040573120117,5592057061,3.031951904296875,3.03021240234375,73.48602294921875,82.4438705444336
11780.03978729248,5592082059,2.960433959960937,3.0113983154296875,79.7291030883789,86.64936065673828
11806.040048599243,5592107057,3.029769897460937,3.059234619140625,76.26465606689453,82.18052673339844
11830.044746398926,5592132053,3.0289306640625,3.112152099609375,74.02412414550781,81.30203247070312
11856.056451797484,5592157051,3.1172332763671875,3.042831420898437,72.59942626953125,82.11261749267578
11880.039930343628,5592182063,3.031845092773437,3.098968505859375,69.78572082519531,83.68278503417969
11906.012058258057,5592207048,3.0867919921875,3.136383056640625,71.06488800048828,84.43820190429688
11930.046081542969,5592232073,3.153289794921875,3.1752166748046875,71.36326599121094,75.8887710571289
11955.045461654663,5592257069,3.1378173828125,3.117919921875,71.84173583984375,75.47767639160156
11980.042934417725,5592282068,3.06231689453125,3.2209625244140625,67.84500122070311,75.36833953857422
12005.041122436523,5592307054,3.197998046875,3.1989898681640625,69.1097412109375,77.13127136230469
12030.033349990845,5592332035,3.125457763671875,3.1699676513671875,71.66990661621094,71.47338104248047
12055.019855499268,5592357034,3.3009490966796875,3.173553466796875,72.92890930175781,74.54029083251953
12080.040454864502,5592382031,3.132537841796875,3.1888885498046875,73.79989624023438,79.29502868652344
12105.044603347778,5592407044,3.1811676025390625,3.1344451904296875,69.77000427246094,78.13772583007812
12130.04469871521,5592432039,3.0415496826171875,3.0601806640625,73.37504577636719,75.81249237060547
12155.012845993042,5592457022,3.06085205078125,3.0608673095703125,68.83909606933594,78.22389221191406
12180.013179779053,5592482020,3.149887084960937,3.1502227783203125,70.06729888916016,77.83139038085938
12205.034494400024,5592507020,3.0569000244140625,3.031402587890625,73.76080322265625,74.95877075195312
12230.01480102539,5592532018,3.03936767578125,3.08209228515625,69.90751647949219,74.74453735351562
12255.013227462769,5592557015,2.9922332763671875,3.060897827148437,71.01899719238281,78.36768341064453
12280.013084411621,5592582012,2.94134521484375,3.0247344970703125,70.48741149902344,75.12679290771484
12305.013418197632,5592607012,3.1029052734375,3.08380126953125,64.74484252929689,76.29559326171875
12330.01446723938,5592632020,3.061737060546875,3.0386962890625,71.07989501953125,73.16853332519531
12355.014562606812,5592657004,3.0513916015625,3.0249176025390625,74.77667236328125,78.0680160522461
12380.048513412476,5592682002,3.03594970703125,3.0200653076171875,78.09455108642578,79.7051773071289
12405.025720596312,5592707028,2.9820556640625,3.064178466796875,90.02955627441406,87.05177307128906
12430.043935775757,5592731998,2.8988494873046875,3.019866943359375,92.28325653076172,88.33561706542969
12455.049514770508,5592757008,3.005035400390625,3.055755615234375,87.70030975341797,94.89083862304688
12480.050563812256,5592782008,3.002197265625,3.005340576171875,90.55096435546876,94.35135650634766
12505.042314529419,5592807010,2.9819793701171875,3.0018310546875,92.80943298339844,94.3576202392578
12530.053377151491,5592832002,2.99114990234375,3.0352020263671875,92.9444580078125,87.61835479736328
12555.04298210144,5592856986,2.9778594970703125,2.94354248046875,94.86302185058594,94.5628662109375
12581.042289733889,5592882010,2.943756103515625,2.9554443359375,98.3320083618164,95.72982025146484
12605.05199432373,5592906990,2.9856719970703125,2.914764404296875,101.01346588134766,95.48015594482422
12630.042314529419,5592931993,3.0348052978515625,2.9564971923828125,97.3383331298828,94.30274200439452
12655.042886734009,5592956979,2.9928131103515625,2.955673217773437,99.00685119628906,95.07638549804688
12680.043935775757,5592981978,2.9857940673828125,2.935882568359375,97.90065002441406,92.91482543945312
12706.052541732788,5593007008,2.914031982421875,2.9127655029296875,98.37650299072266,92.22515869140624
12730.042695999146,5593032017,2.9248199462890625,2.84832763671875,96.27976989746094,91.41703033447266
12755.045652389526,5593056998,2.989898681640625,2.8831024169921875,95.9730224609375,91.224853515625
12780.046939849854,5593081968,2.9120025634765625,2.820892333984375,97.67959594726562,90.55331420898438
12805.04298210144,5593106966,2.923309326171875,2.7926025390625,100.2602310180664,92.70852661132812
12830.047845840454,5593132001,2.8802490234375,2.786895751953125,97.58413696289062,91.33805847167969
12855.043411254883,5593156975,2.8953094482421875,2.7613677978515625,95.12115478515624,91.70524597167969
12880.04446029663,5593181987,2.778076171875,2.754501342773437,98.1135025024414,90.8695831298828
12905.043601989746,5593206963,2.8003082275390625,2.759628295898437,95.6454086303711,92.30044555664062
12930.043935775757,5593231954,2.7691192626953125,2.744842529296875,99.2616729736328,91.40249633789062
12955.049276351929,5593256979,2.770248413085937,2.7444305419921875,100.58959197998048,91.72809600830078
12980.043649673462,5593281982,2.768173217773437,2.7274627685546875,100.37594604492188,94.37035369873048
13005.055904388428,5593306945,2.77215576171875,2.7718505859375,99.75015258789062,91.35653686523438
13031.017065048218,5593331945,2.7975006103515625,2.751251220703125,100.385009765625,92.69617462158205
13055.049896240234,5593356941,2.8049774169921875,2.772705078125,98.68653869628906,93.19256591796876
13081.016778945923,5593381939,2.805282592773437,2.7903289794921875,100.67752075195312,92.9693603515625
13105.04412651062,5593406946,2.8303680419921875,2.7190704345703125,98.11707305908205,95.6565399169922
13130.016326904297,5593431948,2.83660888671875,2.7388916015625,97.59760284423828,95.8600616455078
13155.046224594116,5593456933,2.884750366210937,2.7431640625,98.92720794677734,95.22917938232422
13180.050373077393,5593481931,2.7588653564453125,2.58209228515625,98.71760559082031,94.22024536132812
13205.047607421875,5593506928,2.8362579345703125,2.8228912353515625,97.6868896484375,96.62491607666016
13230.068445205688,5593531932,2.9132080078125,2.801666259765625,97.53053283691406,93.39485931396484
13255.016803741455,5593556922,2.9158172607421875,2.8321533203125,98.8563461303711,89.41120147705078
13280.016899108889,5593581921,2.9716796875,2.849395751953125,83.74632263183594,86.38166809082031
13330.016613006592,5593631916,3.07330322265625,2.83917236328125,96.72542572021484,86.70133209228516
13355.016469955444,5593656913,3.154571533203125,2.7451629638671875,29.17527008056641,32.524032592773445
14032.020092010498,5594331889,2.952850341796875,3.0281219482421875,48.97553634643555,51.72542190551758
14056.019067764282,5594356851,2.8970489501953125,2.95172119140625,77.94878387451172,84.0132827758789
14081.018924713137,5594381847,2.9227447509765625,2.8972930908203125,77.47404479980469,83.0544662475586
14106.019973754883,5594406867,2.9888916015625,2.943511962890625,80.01966857910156,86.17871856689453
14130.019426345825,5594431869,2.934600830078125,2.97100830078125,83.56653594970703,85.25251770019531
14155.020475387571,5594456838,3.0029754638671875,2.946044921875,83.39288330078125,87.99747467041016
14180.01937866211,5594481850,3.058624267578125,2.7737274169921875,84.02540588378906,87.1740493774414
14205.019235610962,5594506835,3.033935546875,2.900421142578125,87.83830261230469,89.07827758789062
14230.02028465271,5594531840,3.0527496337890625,2.9784393310546875,94.94587707519531,93.71427154541016
14280.019760131836,5594581827,2.965805053710937,2.97564697265625,94.98458862304688,91.17272186279295
14305.020570755005,5594606834,3.014266967773437,2.9265594482421875,95.90750122070312,90.72200775146484
14330.020666122437,5594631823,2.9799041748046875,2.8455047607421875,97.8000030517578,93.6512222290039
14355.02004623413,5594656832,3.03240966796875,2.776763916015625,98.63150787353516,96.1115951538086
14381.03437423706,5594681831,2.92742919921875,2.80413818359375,104.21395874023438,96.12216186523438
14405.020952224731,5594706814,2.945419311523437,2.7738494873046875,99.4236831665039,95.0296630859375
14430.020093917848,5594731812,2.896514892578125,2.9982147216796875,99.416259765625,100.47457885742188
14455.020427703856,5594756810,2.8052215576171875,2.7675323486328125,101.56829833984376,97.7322006225586
14480.02028465271,5594781816,2.7696685791015625,2.7795867919921875,101.52136993408205,98.65739440917969
14505.020618438719,5594806813,2.82635498046875,2.7642974853515625,101.55217742919922,99.99559020996094
14530.02142906189,5594831804,2.8228302001953125,2.6934967041015625,100.9869613647461,97.54991912841795
14555.020570755005,5594856800,2.7882843017578125,2.6891326904296875,101.71070861816406,97.54498291015624
14580.021142959597,5594881799,2.756454467773437,2.70904541015625,102.19196319580078,97.12709045410156
14630.0208568573,5594931793,2.839935302734375,2.7086181640625,100.49447631835938,92.98882293701172
14655.02119064331,5594956791,2.8338775634765625,2.7821807861328125,89.91847229003906,96.05846405029295
14680.021047592163,5594981788,2.791000366210937,2.712860107421875,47.00297927856445,70.71418762207031
14705.022096633911,5595006814,2.8365631103515625,2.78759765625,33.735458374023445,23.745147705078125
14730.021238327026,5595031820,2.766876220703125,2.8026123046875,25.27979278564453,19.099632263183594
14755.021333694458,5595056809,2.8115234375,2.847198486328125,28.298439025878906,29.11698913574219
14780.022144317627,5595081794,2.9309844970703125,2.8211822509765625,22.699951171875,18.663429260253906
14805.022716522217,5595106790,3.001983642578125,2.8375244140625,21.270469665527344,21.56451416015625
14830.021619796753,5595131776,2.95977783203125,2.860015869140625,23.72528839111328,19.398216247558594
14880.021810531616,5595181787,2.945709228515625,2.8831329345703125,19.786651611328125,18.813072204589844
14905.022144317627,5595206798,2.9282379150390625,2.9309234619140625,19.649986267089844,15.816551208496096
14930.022001266481,5595231783,2.946151733398437,2.9539794921875,23.969520568847656,17.141387939453125
14955.021858215332,5595256766,3.069076538085937,2.935150146484375,19.82396697998047,16.298118591308597
14980.022668838501,5595281786,2.969024658203125,3.0015411376953125,19.00943756103516,15.160980224609375
15005.022764205933,5595306761,2.9677276611328125,3.0345001220703125,19.05047607421875,13.754043579101562
15030.023097991943,5595331774,3.075103759765625,3.003082275390625,17.966392517089844,15.812835693359375
15055.022478103638,5595356777,3.0964508056640625,3.047943115234375,18.093780517578125,15.672378540039062
15080.02233505249,5595381756,3.16729736328125,3.0492095947265625,25.34885406494141,22.89078521728516
15105.022430419922,5595406762,3.1204071044921875,3.0925445556640625,30.19100952148437,24.86928558349609
15130.02324104309,5595431764,3.1298370361328125,3.107574462890625,25.36955261230469,24.30786895751953
15155.022621154785,5595456747,3.2140350341796875,3.1400146484375,24.794639587402344,24.812522888183594
15180.023670196533,5595481745,3.2043914794921875,3.2079315185546875,25.794708251953125,21.3760986328125
15205.023527145386,5595506756,3.12396240234375,3.18927001953125,19.922897338867188,24.026878356933594
15230.023622512816,5595531747,3.1505279541015625,3.14813232421875,26.041015625,25.6373291015625
15255.023002624512,5595556737,3.19964599609375,3.1647491455078125,25.129867553710934,24.7567138671875
15280.023574829102,5595581747,3.1459503173828125,3.209213256835937,25.93125915527344,28.3973388671875
15305.023908615112,5595606739,3.229034423828125,3.191680908203125,23.513145446777344,22.58249664306641
15330.024003982544,5595631729,3.1416015625,3.1373291015625,25.947769165039066,22.36103057861328
15355.024099349976,5595656726,3.08319091796875,3.1548309326171875,24.151519775390625,23.84583282470703
15380.023717880249,5595681723,3.0952606201171875,3.11895751953125,28.00922393798828,23.66298675537109
15405.023574829102,5595706722,3.095428466796875,3.107650756835937,21.006271362304688,23.61102294921875
15430.023670196533,5595731719,3.116928100585937,3.318588256835937,26.05950927734375,21.238136291503906
15455.024242401123,5595756717,3.0730133056640625,3.135894775390625,27.914215087890625,27.372772216796875
15480.023860931396,5595781722,3.08251953125,3.087677001953125,27.26282501220703,25.922378540039066
15505.024671554564,5595806712,3.0857391357421875,3.0921173095703125,27.36151123046875,27.390724182128906
15530.02405166626,5595831708,3.0873565673828125,3.0504302978515625,28.7828369140625,28.30809783935547
15555.02462387085,5595856721,3.12786865234375,3.109466552734375,25.97285461425781,24.99188995361328
15580.024242401123,5595881704,3.185897827148437,3.08612060546875,25.18055725097656,27.201080322265625
15605.024814605713,5595906702,3.0984649658203125,3.135848999023437,27.82566070556641,25.79625701904297
15630.024194717407,5595931700,3.1132049560546875,3.1456756591796875,27.1533203125,23.28988647460937
15655.024766921997,5595956697,3.1402740478515625,3.113754272460937,29.04386138916016,27.498802185058594
15680.02462387085,5595981695,3.14923095703125,3.14642333984375,28.31996154785156,22.399742126464844
15705.02543449402,5596006693,3.170761108398437,3.19384765625,27.222450256347656,23.66972351074219
15730.025053024292,5596031713,3.201019287109375,3.152191162109375,25.478614807128906,22.840614318847656
15755.024671554564,5596056692,3.1834869384765625,3.158660888671875,28.30371856689453,27.36846160888672
15780.025005340576,5596081713,3.2008819580078125,3.17242431640625,27.70472717285156,20.89692687988281
15805.025577545166,5596106684,3.262191772460937,3.2202301025390625,19.64525604248047,17.77208709716797
15830.02495765686,5596131682,3.268417358398437,3.170654296875,18.08147430419922,17.28155517578125
15855.025768280031,5596156681,3.23223876953125,3.227401733398437,19.58189392089844,17.448127746582028
15880.02610206604,5596181678,3.1856231689453125,3.2437896728515625,20.792091369628906,16.313560485839847
15905.02643585205,5596206700,3.2565155029296875,3.206893920898437,18.79798889160156,18.024978637695312
15930.025339126587,5596231700,3.2340087890625,3.272491455078125,20.403282165527344,16.666084289550778
15955.025911331177,5596256670,3.2307891845703125,3.2154693603515625,19.929481506347656,16.898635864257812
15980.025768280031,5596281705,3.225372314453125,3.206329345703125,19.408653259277344,17.570938110351562
16005.02610206604,5596306695,3.2453155517578125,3.2406158447265625,19.831520080566406,17.149032592773438
16030.025720596312,5596331676,3.019882202148437,3.2252655029296875,31.03191375732422,18.31653594970703
16055.026292800903,5596356689,3.2417144775390625,3.225921630859375,21.374305725097656,17.224891662597653
16080.025911331177,5596381658,3.2767486572265625,3.2238922119140625,19.162094116210934,16.388580322265625
16105.025768280031,5596406690,2.99285888671875,3.221466064453125,31.84321594238281,17.849273681640625
16130.02610206604,5596431654,3.2584228515625,3.197372436523437,20.945098876953125,17.675621032714844
16155.026674270632,5596456651,3.22039794921875,3.26263427734375,20.947494506835934,16.68829345703125
16180.026769638062,5596481648,3.29730224609375,3.2034912109375,17.642601013183594,17.71625518798828
16205.026149749756,5596506672,3.270980834960937,3.165512084960937,18.07025146484375,18.6484375
16230.027675628662,5596531677,3.2765350341796875,3.191009521484375,16.713272094726562,16.711814880371097
16255.02634048462,5596556656,3.26275634765625,3.1952667236328125,17.56378173828125,17.27850341796875
16280.02643585205,5596581640,3.21484375,3.202728271484375,18.437950134277344,17.59754180908203
16305.027484893799,5596606671,3.24652099609375,3.1900634765625,18.132591247558594,17.79334259033203
16330.026865005493,5596631649,3.2403106689453125,3.2187652587890625,21.945640563964844,17.056503295898438
16355.026960372925,5596656633,3.207550048828125,3.196990966796875,20.53657531738281,16.900436401367188
16380.027055740356,5596681631,3.20263671875,3.1955108642578125,18.92656707763672,16.709403991699222
16405.02786636352,5596706628,3.2221832275390625,3.19952392578125,18.43711853027344,15.94537353515625
16430.02700805664,5596731640,3.25421142578125,3.1912384033203125,28.51361846923828,23.63414764404297
16455.027103424072,5596756622,3.2444610595703125,3.1838531494140625,27.83134460449219,26.80107116699219
16480.027198791504,5596781643,3.2493896484375,3.199676513671875,24.78784942626953,17.632858276367188
16505.028247833252,5596806618,3.26220703125,3.2014312744140625,25.84114074707031,20.90103912353516
16530.027389526367,5596831615,3.2154998779296875,3.200927734375,21.747802734375,19.562522888183594
17892.031908035282,5598194004,2.888336181640625,2.615936279296875,-41.13776397705078,-49.601829528808594
17918.03216934204,5598219004,2.8896026611328125,2.58831787109375,-40.668006896972656,-50.03939056396485
17942.03209877014,5598243998,2.959747314453125,2.653350830078125,-40.006248474121094,-48.15015411376953
17968.03307533264,5598268997,2.909042358398437,2.9063720703125,-35.98383331298828,-101.07068634033205
18192.033529281616,5598493963,3.1638336181640625,2.98370361328125,38.995704650878906,43.22171401977539
18217.033863067627,5598518960,3.199005126953125,3.1453857421875,47.89582824707031,50.86051940917969
18242.033243179318,5598543957,3.35662841796875,3.313583374023437,50.88557052612305,51.49486923217773
18267.033338546757,5598568956,3.313705444335937,3.269287109375,51.46586608886719,55.1690902709961
18292.033433914185,5598593954,3.2601776123046875,3.2801971435546875,54.60105895996094,53.94888687133789
18317.03400611877,5598618953,3.35333251953125,3.2383575439453125,52.7200813293457,57.74844741821289
18342.033863067627,5598643949,3.27032470703125,3.30035400390625,55.69796752929688,57.16264343261719
18367.033720016483,5598668945,3.280014038085937,3.321029663085937,55.12823486328125,52.81700897216797
18393.060207366943,5598693943,3.2508544921875,3.3492584228515625,55.50032043457031,55.06477355957031
18417.03414916992,5598718941,3.3340606689453125,3.2806549072265625,51.35562133789063,56.47894668579102
18442.034482955933,5598743939,3.354461669921875,3.323104858398437,49.84566116333008,56.51893997192383
18467.034816741943,5598768949,3.317352294921875,3.335311889648437,49.97032165527344,57.15472412109375
18492.03491210937,5598793932,3.2675933837890625,3.3090057373046875,53.23001098632813,56.72483444213867
18517.03405380249,5598818931,3.2982940673828125,3.41632080078125,50.24446487426758,51.84034729003906
18542.03462600708,5598843929,3.1684112548828125,3.316131591796875,56.14880752563477,57.33252334594727
18567.034482955933,5598868926,3.115097045898437,3.2850799560546875,56.28778076171875,53.885536193847656
18593.03450584412,5598893925,3.2077178955078125,3.29742431640625,48.77704620361328,51.85767364501953
18617.0346736908,5598918922,3.048324584960937,3.168609619140625,57.5915641784668,56.41432571411133
18642.034769058228,5598943919,3.1444244384765625,3.11895751953125,49.00723266601562,53.38687133789063
18667.0355796814,5598968918,3.0751953125,3.085601806640625,53.981651306152344,57.41119003295898
18692.034721374508,5598993927,3.03643798828125,3.11273193359375,64.85221862792969,62.4273796081543
18718.045949935917,5599018940,2.950408935546875,3.001739501953125,60.63617324829102,67.30823516845703
18742.035627365112,5599043925,3.0682830810546875,3.13812255859375,56.56243515014648,59.19941329956055
18768.035888671875,5599068934,3.0295562744140625,3.029541015625,59.46589279174805,63.252418518066406
18792.0355796814,5599093908,2.8976593017578125,2.948348999023437,59.12390899658203,59.51077270507813
18817.03543663025,5599118907,2.98370361328125,3.0601348876953125,57.45698547363281,57.57776260375977
18842.035293579098,5599143919,2.846282958984375,2.838348388671875,62.117530822753906,66.10041809082031
18867.03634262085,5599168912,3.1496734619140625,2.95733642578125,62.18567657470703,62.39275360107422
18893.03541183472,5599193912,2.7737274169921875,3.036361694335937,62.75191116333008,60.98028945922852
18918.036460876465,5599218909,2.8266754150390625,2.9517364501953125,61.41749572753906,63.3009033203125
18942.03543663025,5599243894,2.935699462890625,2.9338531494140625,63.470970153808594,64.49207305908203
18967.036724090576,5599268891,2.869415283203125,2.881576538085937,63.05527114868164,63.06449890136719
18993.035554885864,5599293903,3.193099975585937,2.909942626953125,63.33538055419922,65.93355560302734
19017.03667640686,5599318886,2.982269287109375,2.91064453125,61.69375610351562,63.44526290893555
19042.035818099976,5599343883,2.989852905273437,2.911605834960937,59.65238952636719,63.95402908325195
19067.057132720947,5599368881,2.800048828125,3.0566864013671875,51.72514724731445,50.82484436035156
19092.036247253414,5599393892,2.82568359375,2.852630615234375,34.190223693847656,43.70884323120117
19117.036819458008,5599418878,2.8642578125,2.88751220703125,34.28742218017578,37.25811767578125
19142.036199569706,5599443873,2.789520263671875,2.980712890625,31.72599792480469,36.40123748779297
19167.036533355717,5599468872,2.84661865234375,2.9122314453125,35.52397155761719,38.6943359375
19192.03782081604,5599493869,2.849090576171875,2.95172119140625,36.35545349121094,34.99941253662109
19217.03720092773,5599518882,2.8896942138671875,3.0376129150390625,37.08511352539063,31.86321258544922
19242.036819458008,5599543863,2.8820953369140625,3.02099609375,35.981468200683594,36.51875305175781
19267.03691482544,5599568862,3.0408172607421875,2.950653076171875,34.52719116210937,32.626419067382805
19292.03772544861,5599593860,2.9650115966796875,3.008407592773437,34.743896484375,36.25891876220703
19317.05904006958,5599618856,2.8952178955078125,3.1123809814453125,37.72245788574219,35.051475524902344
19342.036962509155,5599643854,2.9237518310546875,3.11614990234375,31.36858367919922,34.966873168945305
19367.03729629517,5599668854,3.0422821044921875,3.0943603515625,31.66159820556641,33.259201049804695
19392.037630081177,5599693850,2.9132537841796875,3.0938262939453125,36.39593505859375,37.318321228027344
19417.03724861145,5599718847,3.1492462158203125,3.1559295654296875,32.8948974609375,34.412734985351555
19992.08378791809,5600293807,3.225082397460937,2.686859130859375,62.370994567871094,66.82994079589844
20067.068338394165,5600368785,3.0014190673828125,2.9383087158203125,66.28166198730469,74.96784973144531
20092.0684337616,5600393798,2.7408447265625,2.927581787109375,72.70295715332031,75.58479309082031
20117.06829071045,5600418782,2.9532012939453125,2.926498413085937,72.86201477050781,73.0069580078125
20142.040252685547,5600443807,3.051971435546875,2.8888397216796875,68.92942047119139,71.36519622802734
20167.039394378666,5600468777,2.9739227294921875,3.105743408203125,18.41719055175781,21.880958557128906
20192.039728164676,5600493775,2.875152587890625,3.030609130859375,21.61640167236328,19.33472442626953
20217.04053878784,5600518773,2.878280639648437,3.0780487060546875,17.580169677734375,20.232322692871094
20242.068529129032,5600543771,2.8436431884765625,3.02734375,17.551025390625,19.216049194335934
20267.070293426517,5600568769,2.9083251953125,3.0084991455078125,15.844100952148438,19.19208526611328
20292.06919670105,5600593765,2.782211303710937,3.0161285400390625,19.181884765625,18.74524688720703
20317.078351974487,5600618779,2.7738800048828125,3.112457275390625,16.685356140136722,20.124252319335934
20342.068910598755,5600643764,2.8387908935546875,2.99566650390625,14.417976379394533,22.30829620361328
20367.04039573669,5600668778,2.774810791015625,3.0660858154296875,16.537094116210938,18.91241455078125
20392.068147659298,5600693757,2.8123931884765625,2.94873046875,14.624740600585938,20.204368591308594
20417.069673538208,5600718754,2.805648803710937,2.93841552734375,14.563987731933596,20.924331665039066
20442.06643104553,5600743751,2.7435302734375,2.9512939453125,17.315742492675778,22.429588317871094
20467.068910598755,5600768751,2.7507476806640625,2.9202880859375,16.355026245117188,21.15454864501953
20492.07782745361,5600793748,2.671234130859375,2.9609832763671875,18.53013610839844,19.243507385253906
20517.04049110413,5600818744,2.8192596435546875,3.025115966796875,14.847869873046875,18.36468505859375
20542.071342468258,5600843743,2.7960205078125,2.8650054931640625,15.50067901611328,25.530517578125
20567.0735836029,5600868739,2.7775421142578125,2.9364166259765625,17.739097595214844,23.218414306640625
20592.06962585449,5600893737,2.7726593017578125,2.9096832275390625,16.080413818359375,24.36005401611328
20617.041349411007,5600918737,2.725189208984375,2.975936889648437,17.489944458007812,22.886993408203125
20642.07983016968,5600943733,2.8511962890625,3.051361083984375,16.623283386230472,21.116737365722656
20667.068958282467,5600968731,2.88116455078125,3.000640869140625,14.771438598632812,21.937522888183594
20692.0428276062,5600993742,2.85272216796875,3.00830078125,15.784881591796875,21.54676818847656
20717.069864273068,5601018725,2.858627319335937,3.0300445556640625,18.73652648925781,22.72228240966797
20742.07282066345,5601043723,2.8488006591796875,3.03125,17.068374633789062,21.81583404541016
20767.07100868225,5601068750,2.8377685546875,2.960479736328125,16.580436706542972,25.7242431640625
20792.07038879394,5601093734,2.8442535400390625,2.995819091796875,20.737205505371094,32.576515197753906
20817.070484161377,5601118716,2.889739990234375,3.0677947998046875,20.953392028808594,31.31964874267578
20842.07057952881,5601143741,2.848114013671875,3.0978240966796875,20.563941955566406,30.823211669921875
20867.070436477657,5601168739,2.9026641845703125,3.0043182373046875,20.85560607910156,37.49050903320313
20892.07601547241,5601193708,2.874298095703125,2.982162475585937,20.185821533203125,38.07599639892578
20917.070627212524,5601218721,2.8621368408203125,3.04718017578125,19.25640869140625,32.945411682128906
20967.09156036377,5601268701,2.84429931640625,3.057342529296875,23.34114074707031,28.25355529785156
20992.075204849243,5601293700,2.8372955322265625,3.020614624023437,16.558906555175778,27.492919921875
21017.082452774048,5601318696,2.89599609375,2.998687744140625,19.215621948242188,32.47840118408203
21042.072296142574,5601343695,2.84136962890625,2.985580444335937,50.2773666381836,55.475303649902344
21117.071151733402,5601418686,2.874786376953125,2.9636993408203125,68.19578552246094,78.73792266845703
21142.074108123783,5601443712,2.850570678710937,2.958114624023437,84.93255615234375,92.03131103515624
21167.071342468258,5601468684,2.858993530273437,2.9503326416015625,86.18391418457031,90.24724578857422
21192.071676254272,5601493707,2.8606719970703125,2.9292755126953125,83.87406921386719,90.2094497680664
21217.071533203125,5601518707,2.702621459960937,2.954574584960937,83.1810302734375,92.55300903320312
21242.075443267826,5601543676,2.7534942626953125,2.90966796875,85.2926254272461,93.89311981201172
21292.072057724,5601593670,2.787994384765625,2.976409912109375,84.72178649902344,96.06328582763672
21317.04306602478,5601618682,2.804962158203125,2.954574584960937,83.17524719238281,93.69963836669922
21342.07248687744,5601643666,2.795379638671875,2.942611694335937,83.70954895019531,94.8792953491211
21367.079973220825,5601668681,2.762237548828125,2.9347686767578125,83.32618713378906,94.0108642578125
21392.07553863525,5601693662,2.66900634765625,2.933380126953125,85.1339111328125,92.24361419677734
21417.072772979736,5601718660,2.7277069091796875,2.92193603515625,83.16343688964844,92.5200653076172
21442.072868347168,5601743657,2.736175537109375,2.814193725585937,85.72879028320312,94.66805267333984
21467.074871063232,5601768655,2.728134155273437,2.834075927734375,86.3520736694336,94.02766418457031
21492.07282066345,5601793653,2.650863647460937,2.805633544921875,82.68694305419922,94.70282745361328
21517.075300216675,5601818652,2.668731689453125,2.7825927734375,84.51151275634766,95.18043518066406
21542.073011398315,5601843677,2.629241943359375,2.828216552734375,83.71463012695312,95.10095977783205
21567.075014114384,5601868663,2.646484375,2.8357391357421875,87.01130676269531,94.50147247314452
21592.07344055176,5601893659,2.701416015625,2.6656036376953125,85.92766571044922,97.3166732788086
21617.07305908203,5601918657,2.6105194091796875,2.7346954345703125,84.85493469238281,94.61328125
21643.08595657349,5601943641,2.7528839111328125,3.0264892578125,74.33606719970703,81.12723541259766
22667.04773902893,5602968546,2.848846435546875,2.596786499023437,-72.3152847290039,-82.9947280883789
22767.076969146732,5603068537,2.7767486572265625,2.67578125,-76.27794647216797,-77.02721405029297
22817.04831123352,5603118542,2.96356201171875,2.829010009765625,9.631149291992188,10.17998504638672
22866.077423095703,5603168527,2.920562744140625,2.904754638671875,87.70750427246094,84.56312561035156
22892.078161239624,5603193525,2.93304443359375,2.994125366210937,98.6178741455078,94.83903503417969
22917.08517074585,5603218536,3.0354156494140625,2.9932861328125,98.97127532958984,96.44979858398438
22942.07811355591,5603243545,3.0222930908203125,3.0010986328125,99.5997543334961,100.09669494628906
23146.049737930298,5603443500,2.87353515625,2.84002685546875,0.0,0.0
23215.048789978027,5603468501,2.769317626953125,2.7985382080078125,83.71427917480469,85.12543487548828
23215.048789978027,5603493498,2.712005615234375,2.7534942626953125,84.20342254638672,84.95381164550781
23217.048168182373,5603518495,2.68804931640625,2.7032470703125,78.65138244628906,82.08463287353516
23281.0652256012,5603543493,2.588134765625,2.7136383056640625,78.17015838623047,83.2703628540039
23281.0652256012,5603568491,2.55224609375,2.684173583984375,76.22757720947266,84.55332946777344
23348.04916381836,5603593486,2.562774658203125,2.678680419921875,76.3941421508789,84.10806274414062
23348.04916381836,5603618485,2.568954467773437,2.665756225585937,77.73800659179688,82.99482727050781
23348.04916381836,5603643483,2.518310546875,2.62188720703125,78.1189193725586,84.50688934326172
23414.04867172241,5603668481,2.5005645751953125,2.642074584960937,76.96343231201172,83.48421478271484
23417.049169540405,5603718482,2.449981689453125,2.59417724609375,75.86129760742188,84.56521606445312
23442.08002090454,5603743476,2.4361114501953125,2.562103271484375,76.1806411743164,85.01131439208984
23617.082357406616,5603918456,2.35791015625,2.52764892578125,76.48719024658203,85.15199279785156
23645.08056640625,5603943482,2.3836822509765625,2.4771881103515625,75.23248291015625,82.53794860839844
23667.084455490112,5603968466,2.38494873046875,2.516448974609375,76.31541442871094,78.4147720336914
23692.080974578857,5603993464,2.3748931884765625,2.5218658447265625,76.15437316894531,83.5711441040039
23742.079973220825,5604043462,2.372161865234375,2.5016326904296875,75.39253997802734,82.40156555175781
23767.085075378418,5604068444,2.3912811279296875,2.512420654296875,75.30319213867188,84.65800476074219
23792.080640792847,5604093457,2.411163330078125,2.5117340087890625,74.52540588378906,83.98863983154297
23817.08836555481,5604118448,2.335845947265625,2.503997802734375,75.61947631835938,82.27567291259766
23842.08083152771,5604143466,2.4001617431640625,2.485458374023437,74.48953247070312,82.8185043334961
23867.0814037323,5604168451,2.396347045898437,2.607040405273437,74.40045166015625,83.93768310546875
23892.081260681152,5604193460,2.3949432373046875,2.5434112548828125,73.44500732421875,83.03169250488281
23917.080402374268,5604218430,2.3992156982421875,2.517318725585937,76.2046890258789,83.91690826416016
23942.08288192749,5604243456,2.352035522460937,2.54644775390625,76.35469055175781,81.71560668945312
23967.081308364868,5604268447,2.40277099609375,2.50677490234375,74.57209777832031,80.52412414550781
23992.07305908203,5604293438,2.433334350585937,2.4958648681640625,66.45303344726561,72.27346801757812
24017.075777053837,5604318421,2.381088256835937,2.504364013671875,52.30425262451172,59.53199768066406
24042.11926460266,5604343434,2.4821319580078125,3.05035400390625,33.05084228515625,38.376060485839844
24067.054510116577,5604368417,2.5388336181640625,2.5612945556640625,13.110305786132812,19.090805053710934
24117.053747177124,5604418409,2.647186279296875,2.8321990966796875,2.263580322265625,-2.226318359375
24167.087078094482,5604468404,2.73907470703125,2.82904052734375,3.143135070800781,-2.2490768432617188
24191.085815429688,5604493403,2.6643829345703125,2.611907958984375,2.3033370971679688,9.97307586669922
24341.082334518436,5604643401,2.78424072265625,2.907455444335937,1.6373748779296875,4.1198577880859375
24367.096424102783,5604668400,2.7764129638671875,2.9209747314453125,4.099525451660156,9.40251922607422
24392.083644866943,5604693410,3.4046630859375,2.7495880126953125,28.683013916015625,39.54370880126953
24417.10090637207,5604718383,3.0752410888671875,2.879257202148437,34.660728454589844,48.72705459594727
24442.08550453186,5604743392,2.7563629150390625,2.720428466796875,42.10143280029297,45.6170768737793
24492.082834243774,5604793402,3.2664947509765625,2.84613037109375,36.40564727783203,42.06208801269531
24542.10615158081,5604843397,3.4552001953125,2.735458374023437,42.33772277832031,45.76984405517578
24567.08335876465,5604868367,2.91015625,2.82220458984375,35.74889373779297,42.22332763671875
24593.083143234253,5604893392,2.8332061767578125,2.7647247314453125,42.02378845214844,47.39057922363281
24617.08378791809,5604918363,2.706207275390625,2.7696075439453125,44.84059143066406,44.35456466674805
24642.083406448364,5604943388,2.74505615234375,2.880462646484375,42.57686233520508,44.894622802734375
24667.084455490112,5604968372,2.64569091796875,2.8609771728515625,43.443660736083984,45.32434463500977
24692.08836555481,5604993369,3.1829833984375,2.753875732421875,40.58312225341797,42.10462951660156
24741.084098815918,5605043377,2.827362060546875,2.7863006591796875,6.035301208496094,9.730056762695312
25492.08664894104,5605793281,2.6938018798828125,2.7761688232421875,-23.54946136474609,-24.24756622314453
25542.09399223328,5605843290,2.675033569335937,2.70458984375,54.07682800292969,49.115135192871094
25567.058563232422,5605868274,2.827972412109375,2.7094268798828125,69.9132080078125,59.99530792236328
25591.08638763428,5605893270,2.818267822265625,2.860015869140625,70.18330383300781,64.98225402832031
25617.058992385864,5605918268,2.8425750732421875,2.889129638671875,76.95751190185547,70.28715515136719
25691.087245941162,5605993262,2.940536499023437,2.786407470703125,78.48737335205078,68.0560302734375
25717.058897018436,5606018256,2.932373046875,2.801483154296875,73.23744201660156,66.76520538330078
25742.087841033936,5606043282,2.8629913330078125,2.86553955078125,76.06318664550781,67.38735961914061
25767.106533050537,5606068252,2.858627319335937,2.7113189697265625,80.4770278930664,70.52027893066406
25791.08738899231,5606093250,2.74591064453125,2.813095092773437,78.23204803466797,70.58810424804688
25817.087411880493,5606118247,2.776473999023437,2.7697296142578125,79.44448852539062,73.81163024902344
25841.057062149048,5606143247,2.8170318603515625,2.7188873291015625,76.87064361572266,72.22937774658203
25867.100477218628,5606168269,2.8624420166015625,2.788177490234375,77.91480255126953,72.39176177978516
25891.090631484985,5606193241,2.936126708984375,2.721038818359375,74.63545227050781,71.37063598632812
25916.08762741089,5606218239,2.644638061523437,2.627670288085937,80.04825592041016,75.82405090332031
25941.09010696411,5606243261,2.6800689697265625,2.60736083984375,79.34300994873047,70.9588623046875
25967.060089111328,5606268260,2.658447265625,2.6355438232421875,77.3857650756836,70.07740783691406
25992.088556289676,5606293256,2.623046875,2.554550170898437,76.21052551269531,73.33702087402344
26042.088985443115,5606343252,1.9700469970703125,2.5443878173828125,79.49015808105469,73.47373962402344
27291.062355041504,5607593109,2.889678955078125,2.829986572265625,18.03771209716797,15.306785583496096
27316.06221199036,5607618107,3.083358764648437,2.8245391845703125,22.63889312744141,19.137252807617188
27341.092586517334,5607643132,3.1784820556640625,2.7506866455078125,19.886260986328125,25.580718994140625
27366.092920303345,5607668102,2.9330596923828125,2.8237457275390625,27.79688262939453,23.19384765625
27391.099214553837,5607693100,3.019500732421875,2.934677124023437,22.78015899658203,21.284217834472656
27416.093111038208,5607718097,3.091766357421875,2.830169677734375,19.010047912597656,24.17269897460937
27441.065311431885,5607743124,3.0291290283203125,2.8875885009765625,19.68218994140625,23.93856811523437
27467.093229293823,5607768093,2.886474609375,2.845855712890625,24.02970886230469,21.926055908203125
27491.09673500061,5607793090,2.86480712890625,2.881454467773437,28.820518493652344,26.33690643310547
27517.09747314453,5607818087,2.719482421875,3.00640869140625,28.25220489501953,27.159881591796875
27566.09320640564,5607868083,3.071640014648437,2.8955535888671875,20.57257843017578,24.19036102294922
27616.093158721924,5607918080,2.9387664794921875,2.8348846435546875,21.832496643066406,17.300048828125
27692.094564437866,5607993073,2.79986572265625,2.91729736328125,23.99369812011719,19.60971069335937
27717.066049575806,5608018068,2.5484771728515625,2.9473114013671875,22.279273986816406,20.05918884277344
27766.0973072052,5608068064,2.8093414306640625,2.988922119140625,23.05165863037109,19.394271850585934
27867.106437683105,5608168082,3.0084991455078125,2.8759765625,18.004501342773438,18.897720336914066
27991.097450256348,5608293059,2.478988647460937,2.891693115234375,21.30603790283203,21.605812072753906
28091.105222702026,5608393049,3.0146484375,2.929794311523437,16.316009521484375,15.423225402832033
28166.095495224,5608468041,2.924163818359375,2.945648193359375,21.995513916015625,19.44127655029297
28216.095209121704,5608518021,2.9788055419921875,3.0476531982421875,18.52503967285156,17.026725769042972
28241.095781326294,5608543020,3.039535522460937,2.72637939453125,17.92156219482422,22.59947967529297
28266.095638275143,5608568017,2.9890899658203125,2.938385009765625,17.850379943847656,21.23310852050781
28292.10376739502,5608593041,3.073211669921875,2.8909454345703125,18.27743530273437,19.40325164794922
28316.09916687012,5608618012,3.0,3.007598876953125,16.472023010253903,22.90207672119141
28341.095924377438,5608643012,2.966949462890625,2.972625732421875,18.22149658203125,18.208641052246094
28366.097927093506,5608668022,3.02032470703125,2.99774169921875,20.61947631835937,15.046989440917967
28391.096353530884,5608693018,3.0244140625,2.985076904296875,19.552223205566406,19.086463928222656
28417.094469070435,5608718003,2.9150543212890625,3.0576629638671875,30.01721954345703,23.61676788330078
28442.09623336792,5608743001,2.8880157470703125,2.924346923828125,35.562950134277344,33.33930206298828
28467.109441757202,5608767998,3.008209228515625,2.791961669921875,33.71825408935547,35.169815063476555
28491.09625816345,5608793022,2.854736328125,2.815414428710937,36.683998107910156,34.749130249023445
28516.096591949463,5608818019,2.7898406982421875,3.097991943359375,34.19672393798828,33.537139892578125
28541.096925735474,5608843008,2.9193115234375,2.722152709960937,35.200164794921875,35.796600341796875
28566.097021102905,5608868016,2.952972412109375,3.046005249023437,36.27217102050781,28.54973602294922
28591.096639633182,5608892987,2.841522216796875,2.9522247314453125,36.74657440185547,31.670997619628906
28616.09673500061,5608917997,2.870574951171875,3.0365753173828125,46.79656219482422,38.00359344482422
28641.101598739624,5608943012,2.890853881835937,2.8408203125,46.59699630737305,44.48828125
28667.096853256226,5608968005,2.9329986572265625,2.8159332275390625,50.13122177124024,47.10264205932617
28691.097021102905,5608992977,2.794830322265625,2.7452545166015625,51.51480484008789,49.04039764404297
28717.10705757141,5609017975,2.817138671875,2.8163299560546875,49.439048767089844,46.16872024536133
28741.098642349243,5609042973,2.9226531982421875,2.869110107421875,49.10065460205078,45.99682235717773
28766.099691390988,5609067987,2.891448974609375,2.897445678710937,49.79013442993164,45.32076644897461
28792.097568511963,5609092994,2.8104248046875,2.8087158203125,51.50276565551758,44.1684799194336
28817.111015319824,5609117964,2.8113250732421875,2.800277709960937,51.57101058959961,43.99650192260742
28842.12017059326,5609142963,2.9059295654296875,2.8468780517578125,31.3492431640625,28.64011383056641
29491.09935760498,5609792929,1.9686431884765625,2.514739990234375,-25.45359039306641,-24.85729217529297
29566.108465194702,5609867910,2.6986846923828125,2.6483154296875,53.9084358215332,43.84284591674805
29591.102600097656,5609892895,2.652374267578125,2.830718994140625,50.67483901977539,44.33125305175781
29616.104364395138,5609917891,2.7028961181640625,2.8191070556640625,52.8681526184082,49.03136444091797
29641.1030292511,5609942904,2.7828826904296875,2.7439422607421875,51.306861877441406,50.27201843261719
29666.10050201416,5609967886,2.7972564697265625,2.977996826171875,53.95988464355469,47.59711837768555
29691.10131263733,5609992896,2.870269775390625,2.9314422607421875,56.91514587402344,48.16408920288086
29716.100692749023,5610017882,2.91632080078125,2.8416900634765625,56.79327011108398,50.53647994995117
29753.072977066036,5610042880,2.895263671875,2.885498046875,51.34148788452149,48.84321594238281
29766.070604324337,5610067891,2.7448272705078125,2.756088256835937,54.31592559814453,52.13991165161133
29800.07076263428,5610092873,2.788726806640625,2.8189239501953125,55.99081420898438,52.11853790283203
29841.10116958618,5610117873,2.70831298828125,2.8106231689453125,56.11436462402344,51.76940155029297
29852.101087570187,5610142869,2.7903289794921875,2.8315887451171875,57.38513946533203,51.453392028808594
29866.114616394043,5610167868,2.77410888671875,2.993011474609375,54.52594757080078,42.863380432128906
29891.101121902466,5610192892,2.8206939697265625,2.743133544921875,53.0187873840332,51.36924362182617
29916.101694107056,5610217863,2.834716796875,3.148040771484375,56.94332504272461,47.73291778564453
29941.10226631165,5610242860,2.75506591796875,2.785308837890625,34.202903747558594,32.314239501953125
32801.111698150635,5613092595,2.9182586669921875,3.0093231201171875,65.46875,59.859657287597656
32816.112756729126,5613117592,3.1532440185546875,3.054107666015625,60.45518493652344,59.07001495361328
32848.111391067505,5613142589,3.0287322998046875,3.104110717773437,62.36921691894531,59.52814102172852
32867.11144447327,5613167586,3.0494537353515625,3.0566558837890625,59.34737777709961,58.47588348388672
32891.11852645873,5613192584,2.9478302001953125,3.016342163085937,57.30938720703125,61.68873977661133
32916.111707687385,5613217582,3.0693359375,3.0227508544921875,60.54047393798828,60.5093765258789
32941.113948822014,5613242579,2.972076416015625,3.0805206298828125,62.07685089111328,60.25576782226562
32966.11166000366,5613267605,3.109466552734375,3.0449676513671875,59.970497131347656,62.34148788452149
33016.12377166748,5613317598,3.024887084960937,3.06842041015625,58.28959655761719,61.81189346313477
33041.088104248054,5613342569,3.051666259765625,3.0904693603515625,61.55239486694336,61.863670349121094
33066.11227989197,5613367593,3.070709228515625,3.069122314453125,62.26753616333008,61.296119689941406
33091.13311767578,5613392565,3.129257202148437,3.0830535888671875,57.60002517700195,60.33132553100586
33116.11294746399,5613417590,3.119369506835937,3.1521148681640625,64.83387756347656,61.30300521850586
33141.113758087165,5613442560,3.13201904296875,3.1129150390625,58.60556030273438,61.03417205810547
33166.09263420105,5613467585,3.20880126953125,3.134979248046875,61.69241714477539,60.82428741455078
33191.11609458923,5613492556,3.1559295654296875,3.09027099609375,59.22936248779297,59.15708923339844
33216.115951538086,5613517554,3.177703857421875,3.166351318359375,55.4640998840332,59.08290481567383
33241.11294746399,5613542551,3.1432342529296875,3.214996337890625,58.99488830566406,51.1818733215332
33266.095638275154,5613567576,3.2403717041015625,3.1907196044921875,47.09038543701172,56.70555114746094
33291.107416152954,5613592545,3.196014404296875,3.211151123046875,45.82915115356445,52.73568725585938
33316.10465049744,5613617544,3.1884918212890625,3.2096710205078125,41.41670989990234,50.06562423706055
33341.11452102661,5613642541,3.2197723388671875,3.211456298828125,39.062103271484375,47.69029998779297
33365.11301994324,5613667568,3.2550506591796875,3.2304840087890625,45.43275451660156,43.46855163574219
33391.106128692634,5613692538,3.1760406494140625,3.2908172607421875,40.90339660644531,43.11430740356445
33416.11409187317,5613717535,3.242401123046875,3.214111328125,44.58416748046875,47.3185920715332
33441.08486175537,5613742534,3.1886138916015625,3.2539215087890625,40.19085693359375,46.67540740966797
33466.10951423645,5613767554,3.128021240234375,3.1597442626953125,42.8219108581543,51.26007461547852
33491.093397140496,5613792528,3.158294677734375,3.2766571044921875,43.39730453491211,44.3677864074707
33516.132831573486,5613817552,3.262435913085937,3.290435791015625,38.971595764160156,44.67059326171875
33541.09334945679,5613842550,3.1676025390625,3.25592041015625,43.97931289672852,43.48603820800781
33566.12277030945,5613867521,3.247421264648437,3.2670135498046875,45.45859909057617,47.28237533569336
33591.11452102661,5613892519,3.26324462890625,3.3269805908203125,44.763816833496094,45.5772590637207
33616.15109443665,5613917517,3.16082763671875,3.3012237548828125,44.18976974487305,45.61214447021485
33641.11590385437,5613942514,3.29412841796875,3.2886962890625,41.79226684570313,48.30366897583008
33666.086435317986,5613967512,3.1728973388671875,3.3078155517578125,44.16424560546875,46.69977951049805
33697.084188461304,5613992508,3.2395477294921875,3.2801971435546875,44.78646469116211,45.42193603515625
33718.08433532715,5614017533,3.1854400634765625,3.286117553710937,44.14109420776367,43.68305206298828
33741.092920303345,5614042505,3.209228515625,3.225830078125,42.56056594848633,47.18739700317383
33767.086505889885,5614067501,3.14569091796875,3.1588134765625,46.56555938720703,49.25822448730469
33793.084144592285,5614092527,3.2512664794921875,3.10821533203125,41.596923828125,47.3570671081543
33825.08563995361,5614117499,3.22808837890625,3.23004150390625,40.87116241455078,47.07844161987305
33857.08570480347,5614142496,3.233505249023437,3.2111358642578125,40.24024200439453,44.83879089355469
33874.08518791199,5614167531,3.21185302734375,3.2126007080078125,43.26605987548828,45.18791580200195
33891.085147857666,5614192528,3.168212890625,3.0955047607421875,41.58038330078125,47.13879776000977
33915.084600448616,5614217513,3.1781158447265625,3.1798248291015625,41.26283264160156,44.78232192993164
33940.118551254265,5614242486,3.018035888671875,3.0699615478515625,45.60461807250977,47.29894256591797
33990.116119384766,5614292481,3.2273101806640625,3.12542724609375,42.9566535949707,47.7408447265625
34016.128778457634,5614317481,3.047576904296875,3.0576324462890625,48.2762565612793,45.45047378540039
34041.088819503784,5614342481,3.1640777587890625,3.0101318359375,41.70950317382813,45.36534881591797
34066.088438034065,5614367501,3.07745361328125,3.1762237548828125,43.54298782348633,45.18870544433594
34091.08877182007,5614392499,3.12872314453125,3.0536041259765625,43.38556671142578,47.606239318847656
34116.0888671875,5614417470,2.9522247314453125,3.01226806640625,46.67998504638672,49.39736938476562
34141.11113548279,5614442469,3.1064605712890625,3.051498413085937,49.22968292236328,48.13417434692383
34166.08905792236,5614467493,3.058441162109375,3.12738037109375,46.57769775390625,43.68265914916992
34191.088199615486,5614492463,3.0346832275390625,3.00872802734375,45.33748245239258,45.64463806152344
34216.08781814575,5614517461,2.975738525390625,3.0498199462890625,47.04793167114258,47.02334976196289
34241.08910560608,5614542459,3.067169189453125,3.1118927001953125,43.10320281982422,43.803993225097656
34266.08943939209,5614567481,3.105621337890625,3.2200164794921875,40.59786987304688,40.85972595214844
34291.09001159668,5614592453,3.0944366455078125,3.0747528076171875,46.0136833190918,42.53199768066406
34316.10178947449,5614617451,3.04986572265625,3.07171630859375,45.82956314086914,52.35567855834961
34341.08805656433,5614642448,3.0508575439453125,3.0752716064453125,47.19662094116211,47.64408493041992
34366.108179092415,5614667473,3.07000732421875,3.0489654541015625,47.12628936767578,50.99492263793945
34390.119791030884,5614692445,3.0736541748046875,3.0594635009765625,46.88241958618164,53.2451400756836
34416.088581085205,5614717441,3.04669189453125,3.0633544921875,49.847328186035156,47.4715690612793
34441.089153289795,5614742439,2.9802703857421875,3.0258026123046875,47.78959274291992,47.49209213256836
34466.141939163215,5614767464,3.1343231201171875,3.0284881591796875,45.66152572631836,49.35991668701172
34491.08982086182,5614792435,2.860595703125,3.0160369873046875,46.60990524291992,46.452049255371094
34515.116691589355,5614817431,3.02386474609375,2.998031616210937,48.23969268798828,45.35621643066406
34540.117263793945,5614842431,3.126815795898437,2.9786529541015625,45.99960327148438,48.30671691894531
34566.12825393677,5614867454,2.824691772460937,2.982757568359375,44.91030502319336,49.92129516601562
34590.11721611023,5614892427,3.12744140625,2.991424560546875,46.36162185668945,48.42292785644531
34616.12153053284,5614917422,2.911865234375,2.984619140625,49.34983825683594,51.63998413085938
34640.11812210083,5614942422,3.0209503173828125,2.94366455078125,46.21802139282226,49.55805206298828
34666.089296340935,5614967444,2.93951416015625,2.9994049072265625,52.6624755859375,48.81095886230469
34691.089153289795,5614992418,2.941162109375,2.9327545166015625,45.15970993041992,45.20973205566406
34715.11769294739,5615017412,2.9959716796875,2.998565673828125,47.36068725585938,45.86178970336914
34740.08870124817,5615042411,2.930877685546875,2.9747314453125,48.7906265258789,51.8111572265625
34773.118019104004,5615067436,3.10247802734375,2.95697021484375,47.92962265014648,52.98096466064453
34805.08756637573,5615092405,3.107452392578125,2.9743804931640625,46.04644775390625,53.4217643737793
34841.08829498291,5615117403,3.031768798828125,2.98077392578125,44.7658576965332,54.73469924926758
34866.088390350335,5615142401,3.0266876220703125,3.0625457763671875,50.04831314086914,52.20330810546875
34882.08770751953,5615167425,2.9891510009765625,3.035995483398437,47.2917366027832,45.79973983764648
34905.08818626404,5615192396,3.093124389648437,2.98150634765625,46.68429565429688,50.06715774536133
34915.08817672729,5615217393,3.025863647460937,2.9897003173828125,45.66583633422852,49.2789535522461
34940.118551254265,5615242392,3.038818359375,3.06939697265625,46.037330627441406,52.92407608032226
34965.08812904358,5615267415,3.1376953125,2.9918365478515625,43.61799240112305,52.84353637695313
34991.090536117554,5615292387,2.992645263671875,3.036239624023437,50.50651550292969,50.468482971191406
35015.12289047241,5615317412,3.0974273681640625,3.03509521484375,44.99271774291992,51.98146438598633
35040.11869430542,5615342382,3.009124755859375,3.061309814453125,48.40149688720703,51.03703689575195
35065.11878967285,5615367408,3.0463104248046875,3.034881591796875,48.69189834594727,55.61463165283203
35090.119361877434,5615392377,3.204254150390625,3.074462890625,46.47026062011719,45.7946662902832
35115.118741989136,5615417374,3.241241455078125,3.05462646484375,44.40693664550781,49.14373779296875
35140.12575149536,5615442374,3.0872039794921875,3.1300506591796875,46.847999572753906,47.99738311767578
35165.11869430542,5615467397,3.084457397460937,3.1135406494140625,46.01318740844727,48.3296890258789
35190.11950492859,5615492368,3.17095947265625,3.0742950439453125,45.64436340332031,47.77295303344727
35215.121269226074,5615517366,3.1220703125,3.11358642578125,43.17779159545898,49.61370849609375
35241.09148979187,5615542363,2.9264373779296875,3.1886138916015625,46.31884002685547,45.62082290649414
35265.122413635254,5615567387,3.0794830322265625,3.031478881835937,48.27664184570313,49.34383773803711
35290.12012481689,5615592358,3.1950836181640625,3.0591583251953125,45.323974609375,49.18597793579102
35315.12355804443,5615617356,3.1056671142578125,3.15380859375,46.47598266601562,44.03789138793945
35340.1198387146,5615642354,3.1434478759765625,3.1741485595703125,43.384742736816406,46.0721435546875
35365.11993408203,5615667380,3.1748504638671875,3.11871337890625,44.50232696533203,52.38616561889648
35615.1225566864,5615917328,3.093002319335937,2.834091186523437,69.66542053222656,49.274085998535156
35640.13147354127,5615942340,3.1400146484375,2.98309326171875,75.37686157226562,57.9571304321289
35665.123224258416,5615967338,3.16729736328125,2.9943084716796875,43.05809783935547,62.83952713012695
35690.12093544006,5615992336,3.1225738525390625,3.02410888671875,38.91856384277344,59.57363510131836
35715.121269226074,5616017317,3.28997802734375,3.1106109619140625,40.53977966308594,43.77412414550781
35740.12088775635,5616042330,3.27227783203125,3.2350616455078125,51.491859436035156,40.87281036376953
35784.091234207146,5616067314,3.2513580322265625,3.1636199951171875,46.53883743286133,43.49160385131836
35790.091276168816,5616092311,3.0756072998046875,3.1687774658203125,47.21496963500977,41.740623474121094
35816.092252731316,5616117310,3.2722625732421875,3.1610107421875,46.0802230834961,39.83161163330078
35863.091707229614,5616142322,3.325057983398437,3.263702392578125,39.852783203125,40.57676696777344
35919.09146308899,5616167305,3.394073486328125,3.1665496826171875,40.47962188720703,42.390567779541016
35919.09146308899,5616192304,3.50103759765625,3.224212646484375,44.36656188964844,42.81223678588867
35919.09146308899,5616217302,3.203338623046875,3.221054077148437,48.19732284545898,41.88316345214844
35940.09184837341,5616242298,3.53399658203125,3.216033935546875,45.61433029174805,44.91520309448242
35965.12222290038,5616267335,3.0868072509765625,3.197845458984375,48.90881729125977,42.54399108886719
35990.12637138367,5616292320,3.5056915283203125,3.193222045898437,43.27892684936523,43.50989151000977
36015.123128890984,5616317291,3.32769775390625,3.184112548828125,45.26848220825195,44.47281265258789
36040.124893188484,5616342303,3.1070556640625,3.181060791015625,50.31175231933594,47.27585983276367
36065.12236595154,5616367287,3.3301239013671875,3.234359741210937,41.68135070800781,41.404457092285156
36090.094566345215,5616392283,3.161163330078125,3.1875457763671875,49.21450424194336,39.58445739746094
36115.122318267815,5616417282,3.1301422119140625,3.2315216064453125,47.03265762329102,39.61048126220703
36145.09558677673,5616442311,3.164947509765625,3.1514892578125,47.56082534790039,46.2637710571289
36168.094873428345,5616467292,3.294891357421875,3.052215576171875,43.71988296508789,48.51474380493164
36191.09463691712,5616492287,3.0826873779296875,3.010528564453125,48.25777053833008,47.88884735107422
36240.094900131226,5616542270,3.375640869140625,3.0757293701171875,41.697425842285156,46.24932098388672
36265.12718200684,5616567266,3.37066650390625,3.1168212890625,42.84095001220703,41.72594451904297
36290.09461402893,5616592264,3.0377197265625,3.070541381835937,40.16551971435547,38.149452209472656
36315.123319625854,5616617263,3.302963256835937,3.0452423095703125,24.887481689453125,37.52134704589844
36340.123414993286,5616642286,3.33245849609375,3.0045928955078125,12.183799743652346,28.005615234375
36365.12565612793,5616667258,3.0551300048828125,2.7877197265625,24.6651611328125,36.40808868408203
36640.09404182433,5616942260,3.1375732421875,3.2207489013671875,-30.11705780029297,-17.93010711669922
36665.09485244752,5616967231,3.1180572509765625,3.1001739501953125,-23.808189392089844,-21.04525756835937
36715.09552001953,5617017226,2.9944305419921875,3.03564453125,-28.000938415527344,-19.99066162109375
36742.09618568421,5617042222,3.1796417236328125,3.2077789306640625,-26.17934417724609,-19.46251678466797
36765.0957107544,5617067220,3.173583984375,3.18145751953125,-25.765174865722656,-17.499008178710938
37215.13271331787,5617517178,3.034088134765625,2.96807861328125,-30.50562286376953,-17.546241760253903
37797.128200531006,5618092177,3.1543731689453125,3.042724609375,31.680923461914066,39.15210723876953
37815.098762512214,5618117149,3.2335968017578125,3.033187866210937,34.763839721679695,57.45172500610352
37853.098392486565,5618142148,3.6015625,3.3074188232421875,29.55561828613281,41.06514739990234
37878.098487854,5618167118,3.28961181640625,3.123321533203125,33.570106506347656,66.52677917480469
37890.09833335877,5618192127,3.3317413330078125,3.4134674072265625,36.02833557128906,59.46982192993164
37916.098833084114,5618217140,3.372222900390625,3.3334197998046875,37.312767028808594,34.03522491455078
37942.12913513184,5618242110,3.378631591796875,3.3221893310546875,28.77342987060547,36.54096984863281
37965.10004997253,5618267107,3.353363037109375,3.3444366455078125,38.99369812011719,42.43942642211914
37990.128755569465,5618292105,3.292587280273437,3.308746337890625,46.482383728027344,50.97328186035156
38015.116214752205,5618317104,3.486480712890625,3.423202514648437,41.21269226074219,48.246543884277344
38040.13180732727,5618342100,3.30950927734375,3.309783935546875,44.17216873168945,49.3264045715332
38065.09900093079,5618367099,3.308334350585937,3.253280639648437,48.53828430175781,51.41297149658203
38090.1346206665,5618392096,3.4215850830078125,3.297103881835937,43.33048629760742,51.70319747924805
38115.129232406616,5618417093,3.29290771484375,3.2295074462890625,44.29719543457031,53.44851303100586
38140.13195037842,5618442092,3.2289276123046875,3.1739654541015625,46.66041946411133,49.8535270690918
38165.129661560066,5618467090,3.29376220703125,3.311676025390625,38.33856964111328,43.57548141479492
38190.12928009033,5618492086,3.211166381835937,3.2450714111328125,41.97394561767578,48.5555305480957
38215.10100364685,5618517085,3.3118133544921875,3.23773193359375,39.43602752685547,43.448726654052734
38240.10109901428,5618542083,3.2579803466796875,3.2474822998046875,43.98782348632813,53.08202362060547
38265.101194381714,5618567082,3.00634765625,3.200042724609375,46.77136993408203,52.297035217285156
38290.1303768158,5618592077,3.206939697265625,3.0774688720703125,42.53513717651367,54.99010467529297
38315.10162353516,5618617074,3.31732177734375,3.1525115966796875,46.9355697631836,53.17396545410156
38340.13056755067,5618642073,3.302230834960937,3.12799072265625,41.70314025878906,52.924964904785156
38365.13042449951,5618667071,3.184188842773437,3.137908935546875,48.11288070678711,50.94323348999024
38391.13020896912,5618692068,3.20867919921875,3.0683135986328125,47.59119415283203,46.98099136352539
38415.1303768158,5618717066,3.003753662109375,3.157318115234375,47.53069305419922,44.76996612548828
38440.13094902039,5618742078,3.136962890625,3.189483642578125,45.836326599121094,45.40684127807617
38465.13438224793,5618767074,3.2727508544921875,3.11566162109375,45.63555145263672,51.18022918701172
38515.13266563416,5618817057,3.10321044921875,3.1165771484375,47.40216445922852,49.80066299438477
38541.10193252564,5618842053,3.100616455078125,3.0743408203125,44.64837265014648,47.03339767456055
38565.151929855354,5618867056,2.9807891845703125,3.160629272460937,48.24344253540039,48.3955078125
38590.10219573975,5618892051,3.1649169921875,3.1318817138671875,40.26850128173828,50.82894134521485
38615.13233184815,5618917047,3.1874237060546875,3.27496337890625,45.1577262878418,52.00826644897461
38640.130758285515,5618942043,3.5641021728515625,3.0845947265625,41.15681457519531,56.11291885375977
38665.10224342346,5618967057,3.075592041015625,3.18829345703125,47.03141403198242,44.48593521118164
38690.130710601814,5618992040,3.00067138671875,3.152313232421875,46.19744110107422,45.39701843261719
38715.14368057252,5619017065,3.106185913085937,3.133148193359375,46.61671829223633,47.53893280029297
38740.102767944336,5619042048,3.1268463134765625,3.1156463623046875,45.74137496948242,47.0146369934082
38775.12860298157,5619067061,3.287322998046875,3.1785888671875,40.95287322998047,52.44183349609375
38793.13111305237,5619092056,3.235092163085937,3.202377319335937,46.8582763671875,47.53653335571289
38823.132038116455,5619117067,3.2451934814453125,3.2084197998046875,47.3276481628418,48.45708465576172
38840.10314941406,5619142025,3.066024780273437,3.178375244140625,41.81763458251953,50.5816535949707
38873.13151359558,5619167053,3.009796142578125,3.3455047607421875,48.42937088012695,43.77579879760742
38894.1023349762,5619192033,3.2686920166015625,3.2998504638671875,44.873939514160156,48.5643196105957
38921.101808547966,5619217019,3.1972198486328125,3.2658233642578125,39.69902801513672,50.6020736694336
38941.104173660286,5619242016,3.04071044921875,3.304718017578125,51.2178955078125,49.78829574584961
38965.10195732117,5619267016,3.289306640625,3.293075561523437,44.77859878540039,49.01462173461914
38990.1020526886,5619292038,3.2021484375,3.331451416015625,44.89065933227539,49.13254928588867
39015.135049819946,5619317028,3.13836669921875,3.414215087890625,46.24639129638672,42.90235137939453
39040.132284164436,5619342011,3.2760772705078125,3.228378295898437,43.53334426879883,47.70363235473633
39065.13261795044,5619367005,3.2869110107421875,3.377197265625,40.71769714355469,41.373207092285156
39090.1038646698,5619392002,3.270965576171875,3.24969482421875,33.66586303710937,47.38074111938477
39115.132808685295,5619417001,3.3545074462890625,3.2525177001953125,42.073036193847656,46.37979507446289
39140.10405540466,5619442000,3.2100982666015625,3.4132537841796875,44.72091293334961,43.11500549316406
39165.104627609246,5619466999,3.2413482666015625,3.30804443359375,43.643367767333984,43.732181549072266
39190.13285636902,5619491995,3.1544952392578125,3.2790985107421875,42.38058090209961,45.99160385131836
39215.10457992554,5619517019,3.184906005859375,3.308700561523437,38.98162078857422,44.718936920166016
39240.13328552246,5619541999,3.107025146484375,3.2917022705078125,44.899009704589844,45.50015640258789
39265.132904052734,5619566996,3.2274627685546875,3.2694091796875,46.00865173339844,44.31142807006836
39290.132284164436,5619591986,3.150619506835937,3.237945556640625,43.382511138916016,39.667076110839844
39590.137481689446,5619891958,3.22161865234375,3.2389068603515625,60.43390655517578,43.548927307128906
39615.134477615364,5619916957,3.2599334716796875,3.164657592773437,42.87266159057617,48.36716842651367
39640.139818191536,5619941952,3.0418243408203125,3.3188934326171875,46.43341445922852,41.90240478515625
39665.135145187385,5619966951,3.27105712890625,3.1986083984375,43.23351287841797,46.77913284301758
39690.10639190674,5619991976,3.2505035400390625,3.31341552734375,43.98042297363281,46.54523086547852
39715.10672569275,5620016945,3.366119384765625,3.2330780029296875,40.69988250732422,47.353965759277344
39740.1065826416,5620041944,3.2655029296875,3.3251190185546875,43.640716552734375,44.7064208984375
39765.10643959045,5620066964,3.1397247314453125,3.3827362060546875,43.05873107910156,44.94277572631836
39798.105478286736,5620091939,3.2940826416015625,3.3437652587890625,38.7127685546875,44.82379531860352
39815.10591506958,5620116952,3.37005615234375,3.2589874267578125,43.00415802001953,43.90021133422852
39840.10529518128,5620141935,3.255477905273437,3.3100128173828125,45.53839492797852,43.31034851074219
39873.13508987427,5620166932,3.1791534423828125,3.2543182373046875,43.15935516357422,45.6153450012207
39894.13595199585,5620191929,3.16754150390625,3.1995391845703125,43.51796340942383,50.7428207397461
39926.13625526428,5620216955,3.276840209960937,3.22271728515625,41.70545196533203,48.34069442749024
39942.136287689216,5620241925,3.22509765625,3.2621307373046875,38.55874633789063,47.59546279907226
39968.10531616212,5620266951,3.032318115234375,3.20648193359375,35.21224975585937,46.33757400512695
39990.135431289666,5620291948,3.01806640625,3.1867218017578125,44.11531448364258,43.91410827636719
40015.136241912835,5620316954,2.9744110107421875,3.0872039794921875,47.5652961730957,40.160057067871094
40040.136337280266,5620341953,3.0418701171875,3.0711212158203125,42.74984359741211,41.47882080078125
40065.136194229126,5620366913,2.863983154296875,3.068328857421875,44.74056243896485,45.89270401000977
40090.1358127594,5620391911,2.829925537109375,3.107757568359375,47.30502700805664,35.47673797607422
40115.10801315308,5620416911,3.1941070556640625,2.987548828125,38.45317077636719,45.13764953613281
40140.13648033142,5620441910,2.8930816650390625,3.00433349609375,41.851966857910156,43.97033309936523
40165.10796546936,5620466933,2.8135223388671875,3.029205322265625,45.45100402832031,42.01255798339844
40190.137386322014,5620491903,2.959625244140625,2.7954254150390625,50.2014274597168,48.66985321044922
40215.139150619514,5620516900,3.5072784423828125,3.0381317138671875,44.69684600830078,42.5598030090332
40240.13590812683,5620541910,2.8520660400390625,2.95758056640625,44.58481216430664,45.38234329223633
40265.136241912835,5620566902,2.9299468994140625,2.917694091796875,40.85515594482422,44.3042221069336
40290.127515792854,5620591892,2.8810272216796875,3.0741119384765625,43.45574569702149,37.92691040039063
40315.13667106629,5620616904,2.957244873046875,2.92620849609375,50.51443481445313,44.7071533203125
40340.13676643372,5620641889,3.250396728515625,2.805023193359375,40.47151184082031,50.79057693481445
40369.13776397705,5620666906,3.0631866455078125,2.886138916015625,42.72781753540039,48.38701248168945
40390.10906219482,5620691896,2.81842041015625,3.0456085205078125,46.80843353271485,40.56661987304688
40415.142059326165,5620716880,3.19921875,2.9318084716796875,48.65106582641602,46.8827018737793
40440.14072418213,5620741881,2.855560302734375,2.8348388671875,49.9588623046875,49.38869094848633
40465.137004852295,5620766889,3.5069580078125,3.0380401611328125,47.35613632202149,47.92387390136719
40490.136861801155,5620791888,3.0247802734375,2.8721466064453125,38.605262756347656,49.49414443969727
40515.14077186585,5620816881,2.9744110107421875,2.955184936523437,40.73653411865234,42.64453887939453
40540.13705253601,5620841869,3.067840576171875,2.9808349609375,43.786380767822266,42.53691101074219
40565.13547897339,5620866867,3.0006866455078125,2.9227294921875,42.654563903808594,46.77438735961914
40590.148448944085,5620891863,2.7631072998046875,2.9248046875,48.75824737548828,49.546142578125
40615.140199661255,5620916877,2.97625732421875,2.94952392578125,43.3803939819336,49.49007797241211
40640.1424407959,5620941858,3.345306396484375,2.998519897460937,43.464054107666016,45.25227355957031
40665.13848304749,5620966857,2.90338134765625,2.980926513671875,50.27749633789063,47.4518928527832
40690.13786315918,5620991855,2.997543334960937,3.0081787109375,46.72612380981445,45.35797119140625
40715.11459350587,5621016852,2.969482421875,3.026611328125,44.376853942871094,45.709999084472656
40740.138053894036,5621041879,2.9010009765625,3.051254272460937,49.76361846923828,46.69508361816406
40765.137910842896,5621066856,2.9203338623046875,2.983139038085937,47.78478622436523,40.93331146240234
40793.13850402832,5621091860,3.0709228515625,2.9942169189453125,40.97471618652344,43.10355758666992
40824.138402938835,5621116844,3.043670654296875,3.05712890625,41.913246154785156,43.07946395874024
40844.10858154297,5621141864,2.9995269775390625,2.996810913085937,41.91791534423828,46.436424255371094
40865.10944366455,5621166853,2.9471435546875,2.928619384765625,44.95386505126953,42.47744369506836
40893.10908317567,5621191851,3.017440795898437,3.0535430908203125,43.29935836791992,42.90260314941406
40915.10963439941,5621216832,3.1065826416015625,3.07745361328125,41.780982971191406,39.16661071777344
40941.13945960999,5621241845,3.1496734619140625,3.0749969482421875,43.33576202392578,41.58863067626953
40965.13867378235,5621266830,3.02606201171875,3.040435791015625,41.510398864746094,42.72347259521485
