,bin,time(ms),no color change & not first & no update & correct,no color change & not first & update & correct,
207280074,1,0,0,0,
207280074,2,25,0.06298,0.048955,
207280074,3,50,0.082902,0.14388,
207280074,4,76,0.040488,0.078548,
207280074,5,101,0.08468,0.12348,
207280074,6,126,-0.020344,0.097861,
207280074,7,151,0.015314,0.15831,
207280074,8,177,0.00026446,0.058848,
207280074,9,202,-0.038318,0.11282,
207280074,10,227,-0.010025,0.098021,
207280074,11,252,-0.048749,0.11929,
207280074,12,278,-0.12133,0.055745,
207280074,13,303,-0.027398,-0.009494,
207280074,14,328,-0.078043,0.013159,
207280074,15,353,0.017306,-0.014516,
207280074,16,379,0.0040182,0.088771,
207280074,17,404,0.068644,0.10383,
207280074,18,429,-0.031682,0.077133,
207280074,19,454,0.035997,0.047087,
207280074,20,480,-0.04772,0.11041,
207280074,21,505,-0.039682,0.1267,
207280074,22,530,0.11037,-0.0013946,
207280074,23,555,0.085244,0.0023175,
207280074,24,581,0.11471,-0.014127,
207280074,25,606,0.11941,0.11935,
207280074,26,631,0.094628,0.044698,
207280074,27,656,0.12616,-0.043368,
207280074,28,682,0.1488,-0.11522,
207280074,29,707,0.053918,-0.083169,
207280074,30,732,0.19681,0.0026243,
207280074,31,757,0.16312,-0.10514,
207280074,32,783,0.22683,0.011141,
207280074,33,808,0.19105,-0.032449,
207280074,34,833,0.19988,-0.045857,
207280074,35,858,0.30456,-0.0047103,
207280074,36,883,0.29966,0.055315,
207280074,37,909,0.27101,-0.041086,
207280074,38,934,0.30584,-0.011835,
207280074,39,959,0.38498,-0.045772,
207280074,40,984,0.30146,-0.030882,
207280074,41,1010,0.46317,-0.064428,
207280074,42,1035,0.31152,0.016728,
207280074,43,1060,0.39501,-0.038114,
207280074,44,1085,0.26363,-0.03468,
207280074,45,1111,0.24352,0.023648,
207280074,46,1136,0.24892,0.070033,
207280074,47,1161,0.25148,0.20318,
207280074,48,1186,0.19368,0.13834,
207280074,49,1212,0.25812,0.18387,
207280074,50,1237,0.28109,0.11804,
207280074,51,1262,0.31302,0.1565,
207280074,52,1287,0.32848,0.24478,
207280074,53,1313,0.21825,0.31821,
207280074,54,1338,0.28639,0.34664,
207280074,55,1363,0.10853,0.2916,
207280074,56,1388,0.13018,0.37283,
207280074,57,1414,0.21201,0.30661,
207280074,58,1439,0.10147,0.34194,
207280074,59,1464,0.072099,0.3735,
207280074,60,1489,0.12308,0.39896,
207280074,61,1515,-0.0099131,0.3674,
207280074,62,1540,0.024614,0.34082,
207280074,63,1565,0.04328,0.32345,
207280074,64,1590,0.12118,0.32846,
207280074,65,1616,0.078438,0.27945,
207280074,66,1641,0.13612,0.28144,
207280074,67,1666,0.039119,0.2633,
207280074,68,1691,-0.011046,0.29336,
207280074,69,1717,0.046558,0.26765,
207280074,70,1742,-0.067271,0.32582,
207280074,71,1767,0.03128,0.22139,
207280074,72,1792,-0.079196,0.19947,
207280074,73,1817,0.041404,0.20411,
207280074,74,1843,-0.049348,0.18301,
207280074,75,1868,-0.043327,0.20861,
207280074,76,1893,-0.01217,0.094596,
207280074,77,1918,-0.021423,0.075978,
207280074,78,1944,-0.15666,0.079855,
207280074,79,1969,-0.022188,0.049989,
207280074,80,1994,-0.028641,0.044239,
207280074,81,2019,-0.20364,0.058715,
207280074,82,2045,-0.13513,0.034657,
207280074,83,2070,-0.12319,0.074534,
207280074,84,2095,-0.21935,-0.077716,
207280074,85,2120,-0.1621,-0.022125,
207280074,86,2146,-0.12876,-0.024979,
207280074,87,2171,-0.079382,-0.098951,
207280074,88,2196,-0.092118,-0.12187,
207280074,89,2221,-0.033454,-0.24471,
207280074,90,2247,-0.079484,-0.37438,
207280074,91,2272,-0.054128,-0.34854,
207280074,92,2297,-0.1868,-0.35226,
207280074,93,2322,-0.088166,-0.26235,
207280074,94,2348,-0.16943,
207280074,95,2373,-0.23563,
207280074,96,2398,-0.32678,
207280074,97,2423,-0.32488,
207280074,98,2449,-0.44181,
207280074,99,2474,-0.39408,
207280074,100,2499,-0.3935,
207280074,101,2524,-0.32729,
207280074,102,2550,-0.30825,
207280074,103,2575,-0.31736,
207280074,104,2600,-0.2325,
208827162,1,0,0,0,
208827162,2,25,-0.07187,-0.092519,
208827162,3,51,-0.17832,0.074911,
208827162,4,76,-0.12944,0.11134,
208827162,5,101,0.17697,0.3087,
208827162,6,126,-0.0034399,0.060619,
208827162,7,152,-0.030907,0.23597,
208827162,8,177,-0.031334,0.11686,
208827162,9,202,-0.095708,0.26075,
208827162,10,227,0.033476,0.22353,
208827162,11,253,0.065377,0.043671,
208827162,12,278,-0.062034,-0.19273,
208827162,13,303,0.055462,0.34646,
208827162,14,328,0.033391,0.15544,
208827162,15,354,0.010724,0.35589,
208827162,16,379,-0.10805,0.14296,
208827162,17,404,-0.045567,0.17933,
208827162,18,429,0.037187,-0.032814,
208827162,19,455,-0.10735,-0.098734,
208827162,20,480,-0.10965,-0.12029,
208827162,21,505,-0.19112,-0.0441,
208827162,22,530,-0.1553,-0.14387,
208827162,23,556,-0.041304,-0.17071,
208827162,24,581,-0.032938,-0.18269,
208827162,25,606,-0.14988,-0.1375,
208827162,26,632,-0.19264,-0.16198,
208827162,27,657,-0.049789,-0.07079,
208827162,28,682,-0.072546,0.01367,
208827162,29,707,-0.019265,0.10841,
208827162,30,733,-0.091169,-0.10613,
208827162,31,758,-0.20948,0.086127,
208827162,32,783,-0.080428,-0.050459,
208827162,33,808,0.12703,-0.092127,
208827162,34,834,-0.068473,-0.094342,
208827162,35,859,-0.030344,0.11107,
208827162,36,884,-0.10788,0.15209,
208827162,37,909,-0.24213,0.1366,
208827162,38,935,-0.14557,-0.052488,
208827162,39,960,-0.23071,0.034407,
208827162,40,985,-0.23462,0.099207,
208827162,41,1010,-0.0031384,0.28104,
208827162,42,1036,-0.17047,0.014587,
208827162,43,1061,-0.049747,0.10135,
208827162,44,1086,-0.1453,0.25838,
208827162,45,1111,-0.091634,0.26797,
208827162,46,1137,0.058085,0.31529,
208827162,47,1162,-0.17946,0.13675,
208827162,48,1187,-0.21234,0.099726,
208827162,49,1213,-0.097326,0.16194,
208827162,50,1238,-0.050736,0.14762,
208827162,51,1263,-0.12415,0.17517,
208827162,52,1288,0.11214,0.32791,
208827162,53,1314,-0.011361,0.24997,
208827162,54,1339,-0.012801,0.32748,
208827162,55,1364,-0.17985,0.2566,
208827162,56,1389,-0.071778,0.39224,
208827162,57,1415,0.0401,0.27854,
208827162,58,1440,-0.0042527,0.30765,
208827162,59,1465,0.10195,0.24813,
208827162,60,1490,-0.02901,0.34504,
208827162,61,1516,0.0091478,0.34951,
208827162,62,1541,0.034152,0.38378,
208827162,63,1566,0.088072,0.64304,
208827162,64,1591,0.18378,0.44299,
208827162,65,1617,0.038013,0.35107,
208827162,66,1642,0.047085,0.22183,
208827162,67,1667,0.089697,0.43286,
208827162,68,1692,0.17403,0.49374,
208827162,69,1718,0.048186,0.36752,
208827162,70,1743,-0.050257,0.4247,
208827162,71,1768,-0.073713,0.2324,
208827162,72,1793,-0.006154,0.20843,
208827162,73,1819,-0.091175,0.38502,
208827162,74,1844,-0.23208,0.32398,
208827162,75,1869,-0.19237,0.24221,
208827162,76,1895,-0.2748,0.10766,
208827162,77,1920,-0.23201,0.24105,
208827162,78,1945,-0.18201,0.50707,
208827162,79,1970,-0.071416,0.32315,
208827162,80,1996,-0.26701,0.37922,
208827162,81,2021,-0.25951,0.2573,
208827162,82,2046,-0.26804,0.32579,
208827162,83,2071,-0.17379,0.41508,
208827162,84,2097,-0.23325,0.23684,
208827162,85,2122,-0.12629,0.16755,
208827162,86,2147,-0.25356,0.31827,
208827162,87,2172,-0.30249,0.28379,
208827162,88,2198,-0.38134,-0.00011676,
208827162,89,2223,-0.093092,0.029462,
208827162,90,2248,-0.45158,0.15296,
208827162,91,2273,-0.10378,0.13292,
208827162,92,2299,-0.15295,0.054421,
208827162,93,2324,-0.2687,
208827162,94,2349,-0.12325,
208827162,95,2374,-0.19918,
208827162,96,2400,-0.27341,
208827162,97,2425,-0.18891,
209049931,1,0,0,0,
209049931,2,25,0.056573,-0.022985,
209049931,3,51,0.063486,-0.033092,
209049931,4,76,-0.00339,0.0028213,
209049931,5,101,0.070461,0.037722,
209049931,6,126,0.054292,0.065095,
209049931,7,152,0.092188,0.0402,
209049931,8,177,0.12192,0.049155,
209049931,9,202,0.11139,-0.044583,
209049931,10,227,0.070747,-0.031248,
209049931,11,253,0.11999,-0.035707,
209049931,12,278,0.14657,-0.1207,
209049931,13,303,0.18736,-0.090738,
209049931,14,328,0.10775,-0.015682,
209049931,15,354,0.26053,-0.10478,
209049931,16,379,0.20153,-0.094782,
209049931,17,404,0.17065,-0.14557,
209049931,18,429,0.19784,-0.13838,
209049931,19,455,0.22961,-0.11292,
209049931,20,480,0.1893,-0.10974,
209049931,21,505,0.1294,-0.11781,
209049931,22,530,0.16262,-0.033699,
209049931,23,556,0.22444,-0.14029,
209049931,24,581,0.22654,-0.11806,
209049931,25,606,0.21949,-0.027244,
209049931,26,631,0.25608,-0.056213,
209049931,27,657,0.25073,-0.063151,
209049931,28,682,0.31698,0.0059227,
209049931,29,707,0.30778,0.05924,
209049931,30,732,0.31128,0.013531,
209049931,31,758,0.33812,-0.020571,
209049931,32,783,0.25006,0.041439,
209049931,33,808,0.28104,0.069926,
209049931,34,834,0.26116,0.057116,
209049931,35,859,0.31899,0.12011,
209049931,36,884,0.21747,0.11698,
209049931,37,909,0.21948,0.055288,
209049931,38,935,0.26793,0.13508,
209049931,39,960,0.22025,0.15513,
209049931,40,985,0.23558,0.12035,
209049931,41,1010,0.26057,0.13991,
209049931,42,1036,0.28853,0.083392,
209049931,43,1061,0.24343,0.12143,
209049931,44,1086,0.17877,0.042048,
209049931,45,1111,0.17052,0.1021,
209049931,46,1137,0.23659,0.067595,
209049931,47,1162,0.2501,0.12016,
209049931,48,1187,0.19079,0.079603,
209049931,49,1212,0.21299,0.085474,
209049931,50,1238,0.23904,0.087307,
209049931,51,1263,0.19737,0.073415,
209049931,52,1288,0.1059,-0.0034518,
209049931,53,1313,0.084346,0.013281,
209049931,54,1339,0.065324,0.1002,
209049931,55,1364,0.12743,-0.015734,
209049931,56,1389,0.015575,-0.019493,
209049931,57,1414,0.031027,-0.0014741,
209049931,58,1440,0.057944,-0.029531,
209049931,59,1465,4.0187e-05,0.030302,
209049931,60,1490,-0.082283,-0.098962,
209049931,61,1515,-0.015369,-0.068224,
209049931,62,1541,-0.040941,-0.057514,
209049931,63,1566,-0.01706,-0.097368,
209049931,64,1591,-0.022201,-0.082527,
209049931,65,1616,-0.091842,-0.12041,
209049931,66,1642,-0.010361,-0.092778,
209049931,67,1667,-0.002524,-0.097155,
209049931,68,1692,-0.026556,-0.15666,
209049931,69,1718,-0.044357,-0.1586,
209049931,70,1743,-0.0405,-0.16086,
209049931,71,1768,0.0013599,-0.13253,
209049931,72,1793,-0.05993,-0.17652,
209049931,73,1819,0.026384,-0.19864,
209049931,74,1844,-0.0068952,-0.18577,
209049931,75,1869,-0.0072186,-0.17017,
209049931,76,1894,-0.0035014,-0.15328,
209049931,77,1920,-0.05771,-0.18694,
209049931,78,1945,-0.071743,-0.19847,
209049931,79,1970,-0.058061,-0.20444,
209049931,80,1995,-0.082272,-0.15151,
209049931,81,2021,-0.07927,-0.22004,
209049931,82,2046,-0.071364,-0.16227,
209049931,83,2071,-0.18699,-0.14382,
209049931,84,2096,-0.084962,-0.21023,
209049931,85,2122,-0.18753,-0.20667,
209049931,86,2147,-0.17564,-0.28344,
209049931,87,2172,-0.1853,-0.25694,
209049931,88,2197,-0.24124,
209049931,89,2223,-0.2918,
209049931,90,2248,-0.24218,
209049931,91,2273,-0.31899,
209049931,92,2298,-0.28018,
209049931,93,2324,-0.15267,
209049931,94,2349,-0.14527,
209049931,95,2374,-0.23163,
209049931,96,2399,-0.22518,
209049931,97,2425,-0.20948,
209049931,98,2450,-0.17765,
209154863,1,0,0,0,
209154863,2,25,0.047184,-0.0012416,
209154863,3,50,0.033398,0.025973,
209154863,4,76,0.0076565,-0.050975,
209154863,5,101,-0.0036252,-0.019146,
209154863,6,126,0.0077288,-0.017626,
209154863,7,151,-0.052063,-0.053577,
209154863,8,176,0.031036,-0.060333,
209154863,9,201,-0.029895,-0.058639,
209154863,10,227,-0.032199,-0.08558,
209154863,11,252,-0.02955,-0.10049,
209154863,12,277,-0.02879,-0.070562,
209154863,13,302,-0.0059912,-0.059641,
209154863,14,327,-0.025271,-0.069288,
209154863,15,353,0.010493,-0.059171,
209154863,16,378,-0.010726,-0.078665,
209154863,17,403,-0.0051729,-0.063097,
209154863,18,428,-0.0098002,-0.085496,
209154863,19,453,-0.043108,-0.068794,
209154863,20,479,-0.047802,-0.078926,
209154863,21,504,-0.0033768,-0.053816,
209154863,22,529,-0.013955,-0.09074,
209154863,23,554,-0.019153,-0.061957,
209154863,24,579,-0.027599,-0.060995,
209154863,25,604,0.019503,-0.051911,
209154863,26,630,0.020982,-0.041363,
209154863,27,655,0.019668,-0.019357,
209154863,28,680,-0.030387,-0.032791,
209154863,29,705,0.070011,-0.063379,
209154863,30,730,0.067861,-0.066737,
209154863,31,756,0.03381,0.01619,
209154863,32,781,0.022223,-0.024197,
209154863,33,806,0.041507,-0.035192,
209154863,34,831,0.058601,0.0046849,
209154863,35,856,0.099295,0.028733,
209154863,36,882,0.11253,0.018001,
209154863,37,907,0.13046,0.040383,
209154863,38,932,0.14449,0.064581,
209154863,39,957,0.13182,0.029598,
209154863,40,982,0.12495,0.10638,
209154863,41,1007,0.1328,0.084912,
209154863,42,1033,0.19232,0.12534,
209154863,43,1058,0.19706,0.10535,
209154863,44,1083,0.17735,0.14308,
209154863,45,1108,0.18781,0.13582,
209154863,46,1133,0.2442,0.18216,
209154863,47,1159,0.259,0.12519,
209154863,48,1184,0.23173,0.12914,
209154863,49,1209,0.28395,0.1952,
209154863,50,1234,0.28937,0.17576,
209154863,51,1259,0.32293,0.1842,
209154863,52,1285,0.35296,0.17522,
209154863,53,1310,0.35058,0.19679,
209154863,54,1335,0.34787,0.23766,
209154863,55,1360,0.3602,0.26367,
209154863,56,1385,0.36933,0.25508,
209154863,57,1410,0.37529,0.28883,
209154863,58,1436,0.3457,0.29024,
209154863,59,1461,0.33884,0.32985,
209154863,60,1486,0.34288,0.31022,
209154863,61,1511,0.35067,0.26559,
209154863,62,1536,0.33872,0.27124,
209154863,63,1562,0.29865,0.25092,
209154863,64,1587,0.26868,0.23361,
209154863,65,1612,0.2407,0.19605,
209154863,66,1637,0.20728,0.19193,
209154863,67,1662,0.17933,0.20492,
209154863,68,1688,0.15702,0.17448,
209154863,69,1713,0.09874,0.1809,
209154863,70,1738,0.12489,0.21367,
209154863,71,1763,0.091246,0.18116,
209154863,72,1788,0.055893,0.1167,
209154863,73,1813,0.069423,0.16134,
209154863,74,1839,0.08716,0.15784,
209154863,75,1864,0.035534,0.11254,
209154863,76,1889,0.064297,0.1294,
209154863,77,1914,0.093415,0.10833,
209154863,78,1939,0.036907,0.12599,
209154863,79,1965,0.047672,0.16525,
209154863,80,1990,0.062061,0.14347,
209154863,81,2015,-0.012914,0.19745,
209154863,82,2040,-0.034457,0.14143,
209154863,83,2065,0.038347,0.17046,
209154863,84,2090,-0.011781,0.14148,
209154863,85,2116,-0.028759,0.12912,
209154863,86,2141,-0.00027143,0.2122,
209154863,87,2166,-0.0067419,0.21651,
209154863,88,2191,-0.035248,0.16423,
209154863,89,2216,-0.031073,0.1935,
209154863,90,2242,-0.068029,0.16399,
209154863,91,2267,-0.086897,0.1997,
209154863,92,2292,-0.090868,0.19566,
209154863,93,2317,-0.087806,0.21172,
209154863,94,2342,-0.11254,0.15139,
209154863,95,2368,-0.1373,0.15104,
209154863,96,2393,-0.062963,0.12591,
209154863,97,2418,-0.10766,0.18281,
209154863,98,2443,-0.14101,0.16211,
209154863,99,2468,-0.16408,0.14441,
209154863,100,2493,-0.13539,0.10987,
209154863,101,2519,-0.10612,0.15427,
209154863,102,2544,-0.20571,0.10684,
209154863,103,2569,-0.18425,0.079704,
209154863,104,2594,-0.19678,0.051536,
209154863,105,2619,-0.19426,0.069898,
209154863,106,2645,-0.2042,0.048654,
209154863,107,2670,-0.16759,0.050007,
209154863,108,2695,-0.16671,0.04235,
209154863,109,2720,-0.18294,-0.002603,
209154863,110,2745,-0.20571,0.041651,
209154863,111,2771,-0.1693,0.021238,
209154863,112,2796,-0.15763,0.010256,
209154863,113,2821,-0.18453,-0.036334,
209154863,114,2846,-0.18169,0.016928,
209154863,115,2871,-0.18248,-0.022122,
209154863,116,2896,-0.20014,-0.0070669,
209154863,117,2922,-0.16608,-0.015075,
209154863,118,2947,-0.19137,0.0010722,
209154863,119,2972,-0.21723,-0.014788,
209154863,120,2997,-0.23738,-0.00033065,
209154863,121,3022,-0.17672,0.018257,
209154863,122,3048,-0.23896,-0.0027654,
209154863,123,3073,-0.25623,0.032474,
209154863,124,3098,-0.20664,0.064922,
209154863,125,3123,-0.20389,0.044125,
209154863,126,3148,-0.21312,0.067149,
209154863,127,3174,-0.20666,0.051401,
209154863,128,3199,-0.19247,0.069408,
209154863,129,3224,-0.22352,0.14485,
209154863,130,3249,-0.24424,0.16677,
209154863,131,3274,0.18523,
209154863,132,3299,0.18255,
209154863,133,3325,0.23116,
209154863,134,3350,0.26254,
209154863,135,3375,0.29465,
211335542,1,0,0,0,
211335542,2,25,-0.16774,-0.059307,
211335542,3,50,-0.030362,0.16268,
211335542,4,76,0.021999,0.16829,
211335542,5,101,-0.12507,-0.10352,
211335542,6,126,-0.025711,0.059449,
211335542,7,151,-0.057375,0.066722,
211335542,8,176,-0.021882,0.076408,
211335542,9,202,-0.028755,-0.088735,
211335542,10,227,-0.028802,-0.15643,
211335542,11,252,-0.017036,-0.12767,
211335542,12,277,-0.0023548,-0.086781,
211335542,13,302,0.12057,-0.14517,
211335542,14,328,-0.057636,-0.052538,
211335542,15,353,-0.041297,-0.0069939,
211335542,16,378,0.095324,-0.11462,
211335542,17,403,-0.14977,-0.13214,
211335542,18,428,0.064814,-0.046506,
211335542,19,454,0.0075782,-0.19919,
211335542,20,479,-0.08674,-0.14815,
211335542,21,504,-0.24269,-0.12254,
211335542,22,529,-0.17136,-0.20916,
211335542,23,554,-0.2178,-0.16665,
211335542,24,580,-0.088323,-0.15289,
211335542,25,605,-0.081049,-0.034976,
211335542,26,630,-0.20887,0.027111,
211335542,27,655,-0.021642,-0.13529,
211335542,28,680,0.0032799,0.048282,
211335542,29,706,0.0057335,-0.1107,
211335542,30,731,-0.17951,-0.1207,
211335542,31,756,-0.16168,0.053759,
211335542,32,781,-0.17987,-0.048869,
211335542,33,806,-0.091151,-0.044319,
211335542,34,832,-0.13589,-0.11344,
211335542,35,857,-0.23984,-0.087826,
211335542,36,882,-0.46553,-0.061642,
211335542,37,907,-0.35495,-0.071339,
211335542,38,932,-0.024873,0.025375,
211335542,39,958,-0.32969,-0.034504,
211335542,40,983,-0.067339,-0.095825,
211335542,41,1008,-0.3412,0.062866,
211335542,42,1033,-0.2218,-0.014059,
211335542,43,1058,-0.34542,-0.038535,
211335542,44,1084,-0.31493,0.056656,
211335542,45,1109,-0.30922,0.1628,
211335542,46,1134,-0.11834,0.077064,
211335542,47,1159,-0.076049,0.00027749,
211335542,48,1184,-0.19536,-0.012444,
211335542,49,1210,-0.25647,0.0067063,
211335542,50,1235,-0.19061,0.025684,
211335542,51,1260,-0.21452,-0.016302,
211335542,52,1285,-0.19971,0.016218,
211335542,53,1310,-0.15367,0.066468,
211335542,54,1336,-0.22775,0.19958,
211335542,55,1361,-0.17656,0.098953,
211335542,56,1386,-0.18963,0.074657,
211335542,57,1411,-0.16208,0.070669,
211335542,58,1436,-0.28073,0.0046981,
211335542,59,1462,-0.24343,0.10403,
211335542,60,1487,-0.25158,0.19328,
211335542,61,1512,-0.17174,0.18939,
211335542,62,1537,-0.12671,0.15235,
211335542,63,1563,-0.073354,0.25283,
211335542,64,1588,-0.27162,0.15357,
211335542,65,1613,-0.098889,-0.022326,
211335542,66,1638,-0.24395,0.0034471,
211335542,67,1663,-0.29631,0.03828,
211335542,68,1689,-0.24153,0.11801,
211335542,69,1714,-0.33073,0.060127,
211335542,70,1739,-0.1552,-0.037061,
211335542,71,1764,-0.3286,0.0046338,
211335542,72,1789,-0.23986,0.0055566,
211335542,73,1815,-0.23247,-0.036516,
211335542,74,1840,-0.32361,-0.045472,
211335542,75,1865,-0.084075,-0.018475,
211335542,76,1890,-0.16117,0.11208,
211335542,77,1915,-0.17213,0.047582,
211335542,78,1941,-0.1432,0.16326,
211335542,79,1966,-0.066452,0.12418,
211335542,80,1991,-0.14749,0.090962,
211335542,81,2016,-0.20313,0.11735,
211335542,82,2041,-0.1235,0.1594,
211335542,83,2067,-0.216,0.019941,
211335542,84,2092,-0.13279,0.067381,
211335542,85,2117,-0.11735,0.0021518,
211335542,86,2142,-0.1284,-0.021059,
211335542,87,2167,-0.25137,-0.065071,
211335542,88,2193,-0.20477,0.019557,
211335542,89,2218,-0.12541,0.16208,
211335542,90,2243,-0.23268,-0.041656,
211335542,91,2268,-0.099758,0.069187,
211335542,92,2293,-0.1286,-0.064737,
211335542,93,2319,-0.12073,-0.17444,
211335542,94,2344,-0.2975,-0.069306,
211335542,95,2369,-0.28878,-0.057388,
211335542,96,2394,-0.21574,-0.14023,
211335542,97,2419,-0.14172,-0.29114,
211335542,98,2445,-0.23327,-0.25208,
211335542,99,2470,-0.23191,-0.1974,
211335542,100,2495,-0.29395,-0.058966,
211335542,101,2520,-0.27707,-0.16892,
211335542,102,2545,-0.19448,-0.26598,
211335542,103,2571,-0.19543,-0.14993,
211335542,104,2596,-0.085187,-0.26305,
211335542,105,2621,-0.19601,-0.19224,
211335542,106,2646,-0.17871,-0.22868,
211335542,107,2671,-0.090913,-0.25501,
211335542,108,2697,-0.33737,-0.24897,
211335542,109,2722,-0.23043,-0.18817,
211335542,110,2747,-0.27765,-0.17607,
211335542,111,2772,-0.2292,-0.26453,
211335542,112,2797,-0.40771,-0.22473,
211335542,113,2823,-0.24196,-0.12338,
211335542,114,2848,-0.19006,-0.17354,
211335542,115,2873,-0.32212,-0.26065,
211335542,116,2898,-0.4493,-0.22574,
211335542,117,2923,-0.21466,-0.17925,
211335542,118,2949,-0.20008,-0.12944,
211335542,119,2974,-0.33858,-0.043559,
211335542,120,2999,-0.16002,
211335542,121,3024,-0.1434,
211335542,122,3049,-0.059152,
211335542,123,3075,-0.16376,
211335542,124,3100,-0.19541,
211335542,125,3125,-0.14705,
314919309,1,0,0,0,
314919309,2,25,0.0040973,0.10944,
314919309,3,50,-0.03907,0.11298,
314919309,4,76,-0.037101,0.13805,
314919309,5,101,0.0042834,0.1411,
314919309,6,126,-0.017679,0.20238,
314919309,7,151,0.029301,0.23054,
314919309,8,177,0.038898,0.25065,
314919309,9,202,0.046281,0.28159,
314919309,10,227,0.057566,0.24417,
314919309,11,252,0.066174,0.20783,
314919309,12,277,0.085561,0.2042,
314919309,13,303,0.093637,0.18792,
314919309,14,328,0.084285,0.17449,
314919309,15,353,0.059042,0.12144,
314919309,16,378,0.10109,0.11048,
314919309,17,404,0.084812,0.13747,
314919309,18,429,0.072446,0.1123,
314919309,19,454,0.026926,0.061248,
314919309,20,479,0.039321,0.032811,
314919309,21,504,0.029521,-0.0028946,
314919309,22,530,-0.029878,-0.004033,
314919309,23,555,-0.033937,-0.027825,
314919309,24,580,-0.034911,-0.039362,
314919309,25,605,-0.052634,-0.015847,
314919309,26,631,-0.03986,-0.055584,
314919309,27,656,-0.067835,-0.065004,
314919309,28,681,-0.073426,-0.052507,
314919309,29,706,-0.050756,-0.074249,
314919309,30,731,-0.058927,-0.072203,
314919309,31,757,-0.092056,-0.079714,
314919309,32,782,-0.038615,-0.058161,
314919309,33,807,-0.045774,-0.096682,
314919309,34,832,-0.017475,-0.080531,
314919309,35,858,-0.015472,-0.026083,
314919309,36,883,-0.0039416,-0.061754,
314919309,37,908,-0.0064625,-0.03228,
314919309,38,933,-0.0082111,-0.04591,
314919309,39,958,0.0094441,-0.021235,
314919309,40,984,0.041173,0.0013216,
314919309,41,1009,0.040821,0.024604,
314919309,42,1034,0.035386,0.055613,
314919309,43,1059,0.025569,0.031164,
314919309,44,1085,0.021431,0.061863,
314919309,45,1110,0.043486,0.058579,
314919309,46,1135,0.053087,0.092837,
314919309,47,1160,0.090022,0.10145,
314919309,48,1185,0.075383,0.11655,
314919309,49,1211,0.064129,0.08694,
314919309,50,1236,0.066534,0.11856,
314919309,51,1261,0.078202,0.11015,
314919309,52,1286,0.06985,0.10677,
314919309,53,1312,0.077901,0.11729,
314919309,54,1337,0.054482,0.10828,
314919309,55,1362,0.05865,0.12335,
314919309,56,1387,0.046499,0.10868,
314919309,57,1412,0.032391,0.093326,
314919309,58,1438,0.091636,0.11024,
314919309,59,1463,0.15051,0.12332,
314919309,60,1488,0.17078,0.13917,
314919309,61,1513,0.23498,0.147,
314919309,62,1538,0.25903,0.1356,
314919309,63,1564,0.26519,0.16329,
314919309,64,1589,0.29738,0.19093,
314919309,65,1614,0.35267,0.20059,
314919309,66,1639,0.39021,0.15666,
314919309,67,1665,0.35682,0.15115,
314919309,68,1690,0.33383,0.17737,
314919309,69,1715,0.29283,0.15403,
314919309,70,1740,0.23335,0.11346,
314919309,71,1765,0.19278,0.076257,
314919309,72,1791,0.14854,0.083442,
314919309,73,1816,0.11633,0.095257,
314919309,74,1841,0.088657,0.068201,
314919309,75,1866,0.010809,0.068411,
314919309,76,1892,-0.05055,0.066841,
314919309,77,1917,-0.081942,0.030533,
314919309,78,1942,-0.16237,0.017705,
314919309,79,1967,-0.17639,0.010566,
314919309,80,1992,-0.24597,-0.034497,
314919309,81,2018,-0.24463,-0.031636,
314919309,82,2043,-0.24686,-0.023832,
314919309,83,2068,-0.25627,-0.12749,
314919309,84,2093,-0.29801,-0.065738,
314919309,85,2119,-0.31057,-0.13496,
314919309,86,2144,-0.32953,-0.16078,
314919309,87,2169,-0.29849,-0.11161,
314919309,88,2194,-0.30968,-0.18926,
314919309,89,2219,-0.3054,-0.20736,
314919309,90,2245,-0.28122,-0.19378,
314919309,91,2270,-0.26171,-0.21915,
314919309,92,2295,-0.26138,-0.18943,
314919309,93,2320,-0.29188,-0.21736,
314919309,94,2346,-0.27908,-0.23953,
314919309,95,2371,-0.23419,-0.24606,
314919309,96,2396,-0.19929,-0.27646,
314919309,97,2421,-0.1682,-0.32433,
314919309,98,2446,-0.16534,-0.29574,
314919309,99,2472,-0.12653,-0.29933,
314919309,100,2497,-0.14179,-0.33186,
314919309,101,2522,-0.11605,-0.29698,
314919309,102,2547,-0.12222,-0.294,
314919309,103,2573,-0.089752,-0.2771,
314919309,104,2598,-0.066045,-0.29214,
314919309,105,2623,-0.092201,-0.22804,
314919309,106,2648,-0.072545,-0.22536,
314919309,107,2673,-0.084749,-0.23125,
314919309,108,2699,-0.086704,-0.19922,
314919309,109,2724,-0.079163,-0.20983,
314919309,110,2749,-0.073333,-0.20816,
314919309,111,2774,-0.07612,-0.22483,
314919309,112,2800,-0.026521,-0.19252,
314919309,113,2825,-0.085943,
314919309,114,2850,-0.035142,
318657061,1,0,0,0,
318657061,2,25,-0.022406,0.069668,
318657061,3,50,-0.041098,0.011926,
318657061,4,76,-0.050905,0.046469,
318657061,5,101,-0.051685,0.06196,
318657061,6,126,0.0013739,0.073019,
318657061,7,151,-0.054612,0.071273,
318657061,8,176,-0.0368,0.084263,
318657061,9,202,-0.038512,0.12595,
318657061,10,227,-0.00071479,0.13187,
318657061,11,252,0.017802,0.12516,
318657061,12,277,-0.010944,0.14569,
318657061,13,303,-0.021401,0.17025,
318657061,14,328,0.018079,0.20021,
318657061,15,353,-0.061746,0.22616,
318657061,16,378,-0.09082,0.19515,
318657061,17,403,-0.062755,0.24263,
318657061,18,429,-0.085279,0.20453,
318657061,19,454,-0.059657,0.18653,
318657061,20,479,-0.11123,0.18652,
318657061,21,504,-0.058231,0.23034,
318657061,22,529,-0.13671,0.1992,
318657061,23,555,-0.16336,0.19986,
318657061,24,580,-0.14522,0.2123,
318657061,25,605,-0.12908,0.2471,
318657061,26,630,-0.12223,0.24681,
318657061,27,655,-0.11114,0.25897,
318657061,28,681,-0.12919,0.22094,
318657061,29,706,-0.091642,0.24142,
318657061,30,731,-0.10749,0.21883,
318657061,31,756,-0.10946,0.26646,
318657061,32,782,-0.12365,0.24536,
318657061,33,807,-0.06244,0.25489,
318657061,34,832,-0.15409,0.25284,
318657061,35,857,-0.074637,0.26303,
318657061,36,882,-0.12472,0.22671,
318657061,37,908,-0.13193,0.23304,
318657061,38,933,-0.094853,0.23357,
318657061,39,958,-0.15695,0.18414,
318657061,40,983,-0.098026,0.18601,
318657061,41,1008,-0.13121,0.20686,
318657061,42,1034,-0.10632,0.19199,
318657061,43,1059,-0.15137,0.21147,
318657061,44,1084,-0.11949,0.22466,
318657061,45,1109,-0.12417,0.17542,
318657061,46,1134,-0.13689,0.20224,
318657061,47,1160,-0.11476,0.18561,
318657061,48,1185,-0.13891,0.20248,
318657061,49,1210,-0.16074,0.23574,
318657061,50,1235,-0.12343,0.23435,
318657061,51,1261,-0.15547,0.2227,
318657061,52,1286,-0.1697,0.18483,
318657061,53,1311,-0.093105,0.18744,
318657061,54,1336,-0.10919,0.20025,
318657061,55,1361,-0.11723,0.15681,
318657061,56,1387,-0.16535,0.18157,
318657061,57,1412,-0.14294,0.15654,
318657061,58,1437,-0.20276,0.14195,
318657061,59,1462,-0.1747,0.14416,
318657061,60,1487,-0.19135,0.083023,
318657061,61,1513,-0.21278,0.10021,
318657061,62,1538,-0.20334,0.083124,
318657061,63,1563,-0.19762,0.034288,
318657061,64,1588,-0.17888,-0.0056783,
318657061,65,1613,-0.16266,0.027355,
318657061,66,1639,-0.12416,0.040648,
318657061,67,1664,-0.19274,-0.01645,
318657061,68,1689,-0.15039,0.023762,
318657061,69,1714,-0.17161,0.014069,
318657061,70,1739,-0.1021,0.0088621,
318657061,71,1765,-0.11101,0.018757,
318657061,72,1790,-0.12281,0.025639,
318657061,73,1815,-0.12659,0.015004,
318657061,74,1840,-0.094674,0.055171,
318657061,75,1866,-0.088814,0.053682,
318657061,76,1891,-0.12901,0.055845,
318657061,77,1916,-0.14487,0.09368,
318657061,78,1941,-0.17072,0.097114,
318657061,79,1966,-0.11011,0.04464,
318657061,80,1992,-0.18574,0.10787,
318657061,81,2017,-0.13771,0.082216,
318657061,82,2042,-0.18586,0.08597,
318657061,83,2067,-0.20918,0.097245,
318657061,84,2092,-0.15991,0.022057,
318657061,85,2118,-0.19069,0.058911,
318657061,86,2143,-0.17508,0.048905,
318657061,87,2168,-0.14944,-0.001322,
318657061,88,2193,-0.20711,0.018072,
318657061,89,2218,-0.14749,0.009423,
318657061,90,2244,-0.18688,-0.046327,
318657061,91,2269,-0.22013,-0.03051,
318657061,92,2294,-0.17415,0.017766,
318657061,93,2319,-0.16997,-0.0551,
318657061,94,2345,-0.1595,-0.05107,
318657061,95,2370,-0.1763,-0.09141,
318657061,96,2395,-0.20547,-0.14819,
318657061,97,2420,-0.16842,-0.145,
318657061,98,2445,-0.1668,-0.14296,
318657061,99,2471,-0.16501,-0.15672,
318657061,100,2496,-0.14742,-0.13479,
318657061,101,2521,-0.12345,-0.11535,
318657061,102,2546,-0.13589,-0.13904,
318657061,103,2571,-0.064334,-0.13227,
318657061,104,2597,-0.086475,-0.17213,
318657061,105,2622,-0.11635,-0.10416,
318657061,106,2647,-0.094868,-0.21951,
318657061,107,2672,-0.098557,-0.25299,
318657061,108,2697,-0.11573,-0.16119,
318657061,109,2723,-0.11058,-0.1345,
318657061,110,2748,-0.12133,-0.15114,
318657061,111,2773,-0.079392,-0.14187,
318657061,112,2798,-0.079945,-0.1028,
318657061,113,2824,-0.083536,-0.078225,
318657061,114,2849,-0.071759,-0.12369,
318657061,115,2874,-0.1002,-0.13024,
318657061,116,2899,-0.16299,-0.14032,
318657061,117,2924,-0.10528,-0.12244,
318657061,118,2950,-0.080535,-0.09078,
318657061,119,2975,-0.032569,
318657061,120,3000,-0.089529,
324124114,1,0,0,0,
324124114,2,25,0.033653,0.038158,
324124114,3,51,-0.0018779,-0.032435,
324124114,4,76,-0.019111,-0.015867,
324124114,5,101,-0.066113,0.04129,
324124114,6,126,-0.015372,0.014425,
324124114,7,152,-0.077087,0.0637,
324124114,8,177,-0.099106,0.031759,
324124114,9,202,-0.029967,0.059787,
324124114,10,227,-0.014513,0.025116,
324124114,11,253,-0.010436,0.091567,
324124114,12,278,0.057957,0.084289,
324124114,13,303,0.037575,0.13578,
324124114,14,328,0.041567,0.12015,
324124114,15,354,0.017224,0.10131,
324124114,16,379,0.11154,0.12465,
324124114,17,404,0.11488,0.10605,
324124114,18,429,0.13719,0.09587,
324124114,19,455,0.052505,0.13033,
324124114,20,480,0.11749,0.17104,
324124114,21,505,0.17394,0.14724,
324124114,22,531,0.18832,0.19124,
324124114,23,556,0.17157,0.16791,
324124114,24,581,0.20616,0.15308,
324124114,25,606,0.23045,0.14321,
324124114,26,632,0.19966,0.16229,
324124114,27,657,0.2035,0.18306,
324124114,28,682,0.27531,0.15925,
324124114,29,707,0.14185,0.2248,
324124114,30,733,0.19928,0.11623,
324124114,31,758,0.22111,0.21428,
324124114,32,783,0.18089,0.19852,
324124114,33,808,0.20272,0.24354,
324124114,34,834,0.053529,0.19398,
324124114,35,859,0.04538,0.19622,
324124114,36,884,0.0029243,0.16339,
324124114,37,909,-0.015933,0.23338,
324124114,38,935,0.00084718,0.17972,
324124114,39,960,0.024155,0.18466,
324124114,40,985,0.024222,0.20988,
324124114,41,1011,0.0016205,0.23047,
324124114,42,1036,-0.034546,0.23535,
324124114,43,1061,-0.026406,0.24496,
324124114,44,1086,0.079204,0.20883,
324124114,45,1112,0.03041,0.20992,
324124114,46,1137,0.053535,0.21402,
324124114,47,1162,0.014386,0.21698,
324124114,48,1187,0.0031329,0.19749,
324124114,49,1213,-0.0077691,0.17644,
324124114,50,1238,-0.0084761,0.18361,
324124114,51,1263,-0.047871,0.21058,
324124114,52,1288,-0.07317,0.10431,
324124114,53,1314,-0.13206,0.16747,
324124114,54,1339,-0.15081,0.18532,
324124114,55,1364,-0.11401,0.021909,
324124114,56,1389,-0.033066,0.060195,
324124114,57,1415,-0.028568,0.073788,
324124114,58,1440,-0.057245,0.12317,
324124114,59,1465,-0.090981,0.061896,
324124114,60,1491,-0.090027,0.060224,
324124114,61,1516,-0.086498,0.10114,
324124114,62,1541,-0.042324,0.037632,
324124114,63,1566,-0.054143,-0.018315,
324124114,64,1592,-0.061129,0.030573,
324124114,65,1617,-0.026149,0.005445,
324124114,66,1642,-0.078172,-0.041694,
324124114,67,1667,-0.11374,0.057122,
324124114,68,1693,-0.099517,-0.0064643,
324124114,69,1718,-0.052154,-0.051185,
324124114,70,1743,-0.030326,-0.022805,
324124114,71,1768,-0.017136,-0.012649,
324124114,72,1794,-0.0085028,0.064845,
324124114,73,1819,-0.024235,0.091446,
324124114,74,1844,0.027855,0.09151,
324124114,75,1869,-0.0028454,0.061672,
324124114,76,1895,-0.04392,0.10775,
324124114,77,1920,-0.025704,0.069746,
324124114,78,1945,-0.060671,0.097328,
324124114,79,1971,-0.17619,0.074553,
324124114,80,1996,-0.10423,-0.070276,
324124114,81,2021,-0.17681,0.037668,
324124114,82,2046,-0.19711,-0.015965,
324124114,83,2072,-0.22823,0.12366,
324124114,84,2097,-0.13103,0.13186,
324124114,85,2122,-0.13412,0.1077,
324124114,86,2147,-0.15059,-0.042115,
324124114,87,2173,-0.21724,0.0091429,
324124114,88,2198,-0.2559,-0.01473,
324124114,89,2223,-0.17946,0.038093,
324124114,90,2248,-0.20716,0.097749,
324124114,91,2274,-0.16146,0.0025635,
324124114,92,2299,-0.19797,0.050327,
324124114,93,2324,-0.1604,0.0779,
324124114,94,2349,0.049827,
324124114,95,2375,-0.0023873,
324124114,96,2400,-0.1058,
