,bin,time(ms),color change & not first & no update & correct,color change & not first & update & correct,no color change & not first & no update & correct,no color change & not first & update & correct,
207280074,1,0,0,0,0,0,
207280074,2,25,0.018186,0.43787,0.40243,0.42454,
207280074,3,50,0.20498,0.33273,0.57315,1.018,
207280074,4,76,0.039398,0.66979,0.31853,0.6178,
207280074,5,101,0.66836,1.0093,0.60687,0.9853,
207280074,6,126,0.30258,0.10861,-0.10324,0.77285,
207280074,7,151,0.64237,0.32258,0.14952,1.2331,
207280074,8,177,-0.15603,0.71179,0.068779,0.5348,
207280074,9,202,0.48362,0.36968,-0.16933,0.8866,
207280074,10,227,0.51535,0.29579,0.030235,0.80473,
207280074,11,252,0.38879,0.68035,-0.23042,0.97798,
207280074,12,278,0.38425,0.60536,-0.7006,0.53489,
207280074,13,303,0.73328,0.6604,-0.050556,0.15188,
207280074,14,328,0.29505,0.70428,-0.35137,0.25074,
207280074,15,353,0.70977,0.49298,0.28889,0.094179,
207280074,16,379,0.41449,0.84395,0.16997,0.74252,
207280074,17,404,0.43039,0.19124,0.58181,0.90523,
207280074,18,429,0.50397,0.57048,-0.060373,0.72345,
207280074,19,454,0.059445,1.0209,0.35006,0.55167,
207280074,20,480,-0.3942,0.80356,-0.15056,0.85939,
207280074,21,505,-0.18483,0.74521,-0.074415,1.019,
207280074,22,530,-0.37069,0.55977,0.83858,0.2931,
207280074,23,555,-0.70147,0.12919,0.72073,0.30816,
207280074,24,581,-0.22742,0.65385,0.90844,0.21723,
207280074,25,606,-0.5362,0.66416,0.99434,1.1888,
207280074,26,631,-0.92731,0.47365,0.83211,0.6387,
207280074,27,656,-0.44317,0.15403,0.97197,0.023513,
207280074,28,682,-0.73161,0.59358,1.1296,-0.45832,
207280074,29,707,-0.41227,0.78651,0.57275,-0.15339,
207280074,30,732,-0.46513,-0.21704,1.437,0.4027,
207280074,31,757,-0.74758,0.26137,1.2381,-0.30835,
207280074,32,783,0.23872,0.18796,1.665,0.42617,
207280074,33,808,-0.35539,0.9056,1.4485,0.18958,
207280074,34,833,-0.11234,0.83175,1.473,0.10808,
207280074,35,858,0.28247,0.64373,2.1668,0.39522,
207280074,36,883,0.38996,0.029379,2.1524,0.81827,
207280074,37,909,0.25887,0.36548,1.9976,0.185,
207280074,38,934,0.7781,0.98389,2.2623,0.39983,
207280074,39,959,0.52211,0.75118,2.7838,0.15923,
207280074,40,984,1.0239,0.365,2.2311,0.30214,
207280074,41,1010,1.0888,1.043,3.2158,0.025588,
207280074,42,1035,1.4762,0.67537,2.2833,0.63142,
207280074,43,1060,1.1186,1.603,2.8169,0.24433,
207280074,44,1085,1.2291,1.3937,1.9901,0.29139,
207280074,45,1111,1.3106,1.383,1.9008,0.65972,
207280074,46,1136,0.85521,1.9441,1.914,0.92765,
207280074,47,1161,1.4897,1.944,1.9392,1.7672,
207280074,48,1186,1.14,1.9595,1.5809,1.3635,
207280074,49,1212,1.6502,1.8622,1.9568,1.6055,
207280074,50,1237,1.6721,2.1337,2.1369,1.2177,
207280074,51,1262,1.5964,1.4101,2.3708,1.5111,
207280074,52,1287,1.1706,2.1902,2.4168,2.037,
207280074,53,1313,1.7676,2.6877,1.7293,2.4741,
207280074,54,1338,1.7675,2.3486,2.1337,2.6587,
207280074,55,1363,1.6575,3.0181,0.99451,2.2981,
207280074,56,1388,1.0352,3.0572,1.1291,2.8177,
207280074,57,1414,1.0125,2.902,1.6385,2.3508,
207280074,58,1439,0.87187,3.582,0.92955,2.5474,
207280074,59,1464,0.85898,3.1604,0.79367,2.8013,
207280074,60,1489,0.87493,3.4332,1.0657,2.884,
207280074,61,1515,0.36654,3.5699,0.27664,2.7585,
207280074,62,1540,0.18833,3.7345,0.48083,2.5926,
207280074,63,1565,-0.044768,4.2238,0.55994,2.4448,
207280074,64,1590,-0.26639,3.9019,1.0519,2.4803,
207280074,65,1616,-0.52684,3.8295,0.81639,2.1959,
207280074,66,1641,-0.34984,4.401,1.2337,2.1726,
207280074,67,1666,-0.54155,4.281,0.55554,2.0335,
207280074,68,1691,-0.67784,3.9093,0.26484,2.2863,
207280074,69,1717,-0.81321,4.4614,0.66283,2.0578,
207280074,70,1742,-0.67995,4.0036,-0.073202,2.4246,
207280074,71,1767,-0.27684,4.1824,0.59923,1.7723,
207280074,72,1792,-0.90386,4.3849,-0.1137,1.5856,
207280074,73,1817,-0.10136,4.0721,0.66558,1.6726,
207280074,74,1843,-0.6606,3.8399,0.068677,1.4802,
207280074,75,1868,-1.7642,3.85,0.13444,1.6606,
207280074,76,1893,-1.9101,3.3203,0.38559,0.97585,
207280074,77,1918,-1.8392,3.4437,0.29522,0.83138,
207280074,78,1944,-1.9744,3.1847,-0.53762,0.82885,
207280074,79,1969,-1.8723,3.123,0.33548,0.66923,
207280074,80,1994,-1.8902,2.452,0.30208,0.69354,
207280074,81,2019,-2.2036,2.2078,-0.87708,0.84383,
207280074,82,2045,-2.1326,2.2025,-0.45086,0.68903,
207280074,83,2070,-1.9978,2.0134,-0.35582,0.98925,
207280074,84,2095,-2.3582,1.5487,-0.94954,0.048454,
207280074,85,2120,-2.4456,0.61506,-0.57399,0.3928,
207280074,86,2146,-2.4382,1.0372,-0.40717,0.39194,
207280074,87,2171,-2.4429,1.295,-0.10841,-0.22614,
207280074,88,2196,-2.5391,-0.015836,-0.21391,-0.34864,
207280074,89,2221,-2.3485,-0.080025,0.14722,-1.2859,
207280074,90,2247,-2.9501,-0.4277,-0.083886,-2.1134,
207280074,91,2272,-2.6292,-0.65431,0.055697,-1.9203,
207280074,92,2297,-3.2029,-1.3776,-0.80076,-1.9165,
207280074,93,2322,-3.0737,-1.9356,-0.15916,-1.3896,
207280074,94,2348,-3.7607,-1.595,-0.76661,
207280074,95,2373,-3.1618,-1.1895,-1.1565,
207280074,96,2398,-3.8082,-1.0322,-1.7129,
207280074,97,2423,-3.0701,-1.7482,
207280074,98,2449,-3.4394,-2.4116,
207280074,99,2474,-3.7945,-2.1103,
207280074,100,2499,-3.8351,-2.1053,
207280074,101,2524,-1.6845,
207280074,102,2550,-1.579,
207280074,103,2575,-1.6448,
207280074,104,2600,-1.1157,
208278119,1,0,0,0,0,0,
208278119,2,25,-0.46692,0.31912,-0.37647,0.15304,
208278119,3,50,-0.49775,1.0649,0.32137,0.052385,
208278119,4,76,-0.09924,1.5199,-0.11385,0.49405,
208278119,5,101,-0.64981,1.0477,0.23389,0.60102,
208278119,6,126,0.18292,1.1962,0.60534,0.94131,
208278119,7,151,-0.1282,1.1862,0.91572,0.88534,
208278119,8,177,0.10765,1.1054,1.0435,1.1861,
208278119,9,202,0.4191,0.55214,1.4821,1.2724,
208278119,10,227,0.79197,1.4086,2.3011,2.0466,
208278119,11,252,1.0287,1.7993,2.1399,1.6953,
208278119,12,277,0.54171,1.2988,2.4985,2.0293,
208278119,13,303,1.0989,1.2522,3.2569,2.3214,
208278119,14,328,0.90728,1.0102,2.6495,2.789,
208278119,15,353,1.1282,0.76414,3.0186,2.3192,
208278119,16,378,0.78182,0.75416,2.6337,2.9547,
208278119,17,404,1.252,1.2019,2.7725,2.5656,
208278119,18,429,1.6886,0.39122,3.6249,2.9955,
208278119,19,454,0.78963,1.1704,3.064,2.7456,
208278119,20,479,0.45569,1.5699,2.7305,2.6491,
208278119,21,504,0.059994,1.0729,2.9416,2.1784,
208278119,22,530,-0.19361,0.74728,2.7652,2.8956,
208278119,23,555,0.1298,0.99243,2.5842,2.6965,
208278119,24,580,0.38199,0.72766,2.3843,2.2602,
208278119,25,605,0.069733,0.97597,2.081,2.3694,
208278119,26,630,-0.041263,0.71209,2.3898,2.4481,
208278119,27,656,0.44093,1.294,2.1788,2.0962,
208278119,28,681,-0.12297,0.83801,1.6123,1.6368,
208278119,29,706,0.13785,0.47653,1.3907,1.647,
208278119,30,731,-0.16753,1.1619,2.1954,1.6689,
208278119,31,757,-0.19094,1.0867,2.434,1.6907,
208278119,32,782,-0.15225,1.4546,1.8723,1.7966,
208278119,33,807,0.35766,1.6673,2.6563,2.1333,
208278119,34,832,0.10477,1.4838,3.4999,1.4761,
208278119,35,857,-0.16133,1.6542,3.1035,1.948,
208278119,36,883,-0.14285,2.1775,2.0428,1.8052,
208278119,37,908,-0.13794,1.4207,2.3444,2.0223,
208278119,38,933,0.045203,1.9333,3.4929,1.7663,
208278119,39,958,0.092523,1.5905,2.1316,2.3818,
208278119,40,984,0.13335,2.0136,2.7864,2.0978,
208278119,41,1009,0.26482,2.0744,2.6965,2.0131,
208278119,42,1034,0.25669,2.1563,2.2306,2.2818,
208278119,43,1059,0.56894,2.1062,2.5273,2.2498,
208278119,44,1084,0.68447,2.2334,2.9571,2.3299,
208278119,45,1110,0.74293,2.076,2.8679,2.5691,
208278119,46,1135,0.70285,2.3298,2.7926,2.5816,
208278119,47,1160,0.43863,2.286,2.9536,2.5039,
208278119,48,1185,0.78839,2.4581,3.1053,2.5848,
208278119,49,1211,0.77124,2.062,2.2306,2.1542,
208278119,50,1236,0.82806,2.3651,3.1929,2.2246,
208278119,51,1261,0.78071,2.8334,3.0345,2.488,
208278119,52,1286,1.0807,2.3508,3.3535,2.9186,
208278119,53,1311,1.0418,2.4145,3.2142,3.1951,
208278119,54,1337,0.78181,3.0961,3.9549,2.8283,
208278119,55,1362,0.27534,2.8272,2.7764,3.2397,
208278119,56,1387,0.60617,3.0977,2.5278,3.2121,
208278119,57,1412,0.49195,3.0318,3.3151,2.419,
208278119,58,1438,0.45169,2.5455,2.8027,2.4377,
208278119,59,1463,0.91875,3.0487,2.8659,3.2793,
208278119,60,1488,0.86846,2.6994,3.0199,3.032,
208278119,61,1513,0.86867,2.6665,2.4772,3.2322,
208278119,62,1538,1.0035,2.1783,2.3736,3.2548,
208278119,63,1564,0.63077,1.5853,3.0081,3.2027,
208278119,64,1589,0.45361,1.7001,3.1259,3.1949,
208278119,65,1614,0.7994,1.5729,2.8526,3.6534,
208278119,66,1639,0.95307,1.8586,2.9688,3.4333,
208278119,67,1664,0.48705,2.3982,2.864,3.8239,
208278119,68,1690,0.44007,1.4244,2.6771,3.8987,
208278119,69,1715,0.58227,1.9854,3.0845,4.0712,
208278119,70,1740,0.61471,2.2408,2.8276,4.6667,
208278119,71,1765,0.4793,1.8791,2.7159,4.6259,
208278119,72,1791,0.50088,1.6844,3.1432,4.8098,
208278119,73,1816,0.66231,2.3807,3.6375,4.9307,
208278119,74,1841,0.32972,1.5909,3.046,4.3536,
208278119,75,1866,0.84488,1.889,2.8349,4.2339,
208278119,76,1891,1.5808,1.7211,2.5619,4.6732,
208278119,77,1917,1.2655,1.9004,2.4047,4.1409,
208278119,78,1942,1.3379,1.8322,2.6824,4.7378,
208278119,79,1967,1.0805,2.5227,3.2134,4.7435,
208278119,80,1992,1.6391,1.1972,3.5122,4.6643,
208278119,81,2018,1.5429,1.4974,3.7791,3.9938,
208278119,82,2043,1.9175,1.2843,3.7627,4.6185,
208278119,83,2068,2.0405,0.50097,3.5186,4.2839,
208278119,84,2093,2.2272,1.2957,4.2336,3.9354,
208278119,85,2118,1.8618,0.9044,3.719,3.5951,
208278119,86,2144,1.9351,1.1923,3.9869,4.2129,
208278119,87,2169,2.4433,1.6858,4.2782,3.8009,
208278119,88,2194,3.0047,1.0059,4.0528,3.8951,
208278119,89,2219,1.5047,1.2488,2.7627,3.4043,
208278119,90,2245,1.4777,1.5659,3.2666,3.6052,
208278119,91,2270,1.8164,0.77431,3.1535,3.1687,
208278119,92,2295,1.0714,0.45017,3.0313,3.0304,
208278119,93,2320,0.8815,0.82674,3.0994,2.6707,
208278119,94,2345,0.6099,1.8084,3.633,2.7888,
208278119,95,2371,0.50502,1.4639,2.4241,2.5328,
208278119,96,2396,0.18297,1.4683,2.9194,2.3222,
208278119,97,2421,0.091299,1.0738,2.5578,2.8336,
208278119,98,2446,-0.45428,0.67677,2.647,2.4202,
208278119,99,2471,-0.2266,0.59899,2.0232,2.7127,
208278119,100,2497,-0.30623,0.85959,2.7678,2.7687,
208278119,101,2522,-0.32792,0.46845,2.6773,2.3371,
208278119,102,2547,-0.84469,0.59345,1.9591,2.6142,
208278119,103,2572,-1.1085,1.0151,1.5278,2.8289,
208278119,104,2598,-0.78448,-0.5244,1.9888,2.9585,
208278119,105,2623,-1.2267,0.47369,2.5999,2.1867,
208278119,106,2648,-1.1015,0.21709,1.7723,2.6571,
208278119,107,2673,-1.5746,0.24408,1.5742,2.5432,
208278119,108,2698,-1.329,0.72452,1.8074,2.2391,
208278119,109,2724,-1.0687,0.53368,0.9311,1.9366,
208278119,110,2749,-1.1817,0.53515,1.1429,2.5217,
208278119,111,2774,-1.2163,0.57046,0.72314,2.5389,
208278119,112,2799,-1.1491,0.40401,0.8829,1.9538,
208278119,113,2825,-1.415,2.2695,2.2415,
208278119,114,2850,-0.74846,1.6503,
208278119,115,2875,1.8308,
209049931,1,0,0,0,0,0,
209049931,2,25,-0.409,-0.19744,0.52091,-0.16578,
209049931,3,51,-0.39791,-0.31993,0.61075,-0.19978,
209049931,4,76,-0.16958,-0.088857,0.037934,0.12265,
209049931,5,101,-0.049151,-0.079371,0.74126,0.40606,
209049931,6,126,0.55935,0.27977,0.57683,0.61651,
209049931,7,152,0.25862,0.35585,0.92607,0.39172,
209049931,8,177,0.25345,0.73404,1.2119,0.48595,
209049931,9,202,0.5116,0.18297,1.0776,-0.30461,
209049931,10,227,-0.068851,-0.030149,0.70693,-0.18205,
209049931,11,253,0.61486,0.3011,1.1608,-0.20677,
209049931,12,278,0.043178,0.38992,1.4021,-0.97393,
209049931,13,303,0.57397,0.59765,1.7429,-0.68227,
209049931,14,328,-0.21984,0.53743,1.0699,-0.066889,
209049931,15,354,0.097515,0.55652,2.4078,-0.79707,
209049931,16,379,0.11351,0.37382,1.9189,-0.69786,
209049931,17,404,0.46077,0.36096,1.6788,-1.1221,
209049931,18,429,0.53154,0.45541,1.8883,-1.0765,
209049931,19,455,-0.16175,0.32318,2.1444,-0.86012,
209049931,20,480,-0.013418,0.44556,1.7842,-0.82532,
209049931,21,505,0.53071,0.51685,1.2959,-0.87982,
209049931,22,530,-0.20733,0.068326,1.5755,-0.20331,
209049931,23,556,0.13634,0.28798,2.1162,-1.0829,
209049931,24,581,0.43431,0.25452,2.1425,-0.8936,
209049931,25,606,0.56616,0.42004,2.0868,-0.15419,
209049931,26,631,0.42458,0.47076,2.4125,-0.39385,
209049931,27,657,0.85189,0.64152,2.3656,-0.4899,
209049931,28,682,0.66374,0.49166,2.9311,0.088128,
209049931,29,707,0.552,0.84443,2.864,0.59362,
209049931,30,732,0.65832,1.1858,2.8988,0.16175,
209049931,31,758,0.82624,1.1895,3.1249,-0.097638,
209049931,32,783,1.129,0.6756,2.2957,0.39349,
209049931,33,808,0.98842,1.2599,2.5149,0.61645,
209049931,34,833,0.51356,1.8464,2.3262,0.5308,
209049931,35,859,0.90073,1.5142,2.8328,1.047,
209049931,36,884,1.112,1.3007,1.9592,0.96017,
209049931,37,909,1.2306,1.4476,1.9569,0.46364,
209049931,38,934,1.0307,1.6308,2.4026,1.1545,
209049931,39,960,1.5672,1.6293,1.9578,1.27,
209049931,40,985,0.24039,1.4681,2.088,1.0066,
209049931,41,1010,0.60434,1.9398,2.345,1.2053,
209049931,42,1035,0.9903,1.9026,2.5472,0.72398,
209049931,43,1061,0.42302,2.0684,2.1594,1.0287,
209049931,44,1086,0.65626,2.2205,1.6002,0.34447,
209049931,45,1111,0.89637,1.5393,1.5305,0.8481,
209049931,46,1136,1.0311,1.9562,2.0965,0.59738,
209049931,47,1162,1.5878,2.4631,2.2139,1.0266,
209049931,48,1187,1.1807,1.8721,1.6904,0.67594,
209049931,49,1212,0.99695,1.8705,1.9024,0.72016,
209049931,50,1237,1.2524,2.1621,2.1364,0.76584,
209049931,51,1263,1.0161,2.2413,1.8175,0.5723,
209049931,52,1288,0.27742,1.7194,0.90519,-0.050776,
209049931,53,1313,0.76794,1.774,0.7243,0.087496,
209049931,54,1338,0.085104,1.8767,0.53955,0.87279,
209049931,55,1364,0.245,1.8883,1.0884,-0.11587,
209049931,56,1389,0.24482,1.7784,0.14924,-0.15405,
209049931,57,1414,-0.23251,1.8972,0.24711,-0.015711,
209049931,58,1439,0.23722,1.392,0.49439,-0.23358,
209049931,59,1465,0.29553,0.83681,-0.010522,0.33615,
209049931,60,1490,0.6731,1.1606,-0.69831,-0.77279,
209049931,61,1515,-0.27689,1.2307,-0.153,-0.48913,
209049931,62,1540,-0.17599,1.3999,-0.37567,-0.4582,
209049931,63,1566,-0.73959,1.2288,-0.13619,-0.76018,
209049931,64,1591,-0.40326,1.6724,-0.17426,-0.62149,
209049931,65,1616,-0.72154,1.9534,-0.76462,-0.95643,
209049931,66,1641,-0.827,1.4791,-0.056132,-0.72645,
209049931,67,1667,-0.8189,0.83684,0.022761,-0.69699,
209049931,68,1692,-0.58376,1.0659,-0.19934,-1.2085,
209049931,69,1717,-0.7497,1.0078,-0.37051,-1.2278,
209049931,70,1742,-0.0080803,1.8688,-0.28873,-1.2638,
209049931,71,1768,-0.11564,1.4256,0.062461,-0.9782,
209049931,72,1793,-0.073109,1.3999,-0.43195,-1.3368,
209049931,73,1818,0.0067476,0.43314,0.30601,-1.557,
209049931,74,1843,-0.042646,0.76888,0.033092,-1.4215,
209049931,75,1869,-0.12722,0.60609,0.048765,-1.286,
209049931,76,1894,-0.83263,0.81001,0.11419,-1.1442,
209049931,77,1919,-0.85765,1.18,-0.38192,-1.4399,
209049931,78,1944,-0.58126,0.29686,-0.50867,-1.5174,
209049931,79,1970,-1.085,0.56933,-0.35919,-1.5718,
209049931,80,1995,-1.4296,0.73633,-0.58556,-1.1121,
209049931,81,2020,-1.2021,0.40152,-0.52879,-1.6752,
209049931,82,2045,-1.9597,0.45727,-0.49717,-1.2253,
209049931,83,2071,-1.8293,1.1405,-1.4542,-1.052,
209049931,84,2096,-2.0347,0.70255,-0.65292,-1.6167,
209049931,85,2121,-2.8454,0.43047,-1.4612,-1.5671,
209049931,86,2146,-3.0022,0.11831,-1.3502,-2.1862,
209049931,87,2172,-3.6736,-0.64008,-1.4592,-1.9963,
209049931,88,2197,-3.7239,0.19057,-1.8458,
209049931,89,2222,-2.5373,1.2256,-2.2773,
209049931,90,2247,-3.2793,0.4882,-1.8748,
209049931,91,2273,-2.9933,0.25084,-2.4748,
209049931,92,2298,-2.771,-1.0744,-2.1711,
209049931,93,2323,-2.3562,-1.3469,-1.1495,
209049931,94,2348,-2.6288,-1.3838,-1.0754,
209049931,95,2374,-2.9185,-0.87962,-1.8389,
209049931,96,2399,-2.6855,-0.8426,-1.7927,
209049931,97,2424,-2.5846,-0.8271,-1.6672,
209049931,98,2449,-2.9541,-1.1093,-1.4151,
209049931,99,2475,-2.3404,
209049931,100,2500,-2.5947,
209154863,1,0,0,0,0,0,
209154863,2,25,-0.63382,-0.041962,0.45684,-0.00020589,
209154863,3,50,-0.3647,-0.2393,0.37969,0.21658,
209154863,4,76,-0.97896,-0.62771,0.1745,-0.36315,
209154863,5,101,-0.94499,-0.24132,0.10082,-0.14848,
209154863,6,126,-1.0911,-0.84699,0.21629,-0.18193,
209154863,7,151,-1.145,-0.54058,-0.22711,-0.36491,
209154863,8,176,-1.5276,-0.86851,0.39295,-0.42268,
209154863,9,201,-1.0681,-1.1982,-0.035731,-0.39807,
209154863,10,227,-1.3247,-1.3899,-0.060788,-0.61531,
209154863,11,252,-1.4294,-1.0977,-0.0097301,-0.70427,
209154863,12,277,-1.3673,-1.656,-0.011278,-0.46667,
209154863,13,302,-1.6526,-1.4309,0.17409,-0.39536,
209154863,14,327,-1.5687,-1.2163,0.054259,-0.47651,
209154863,15,353,-1.637,-1.5655,0.30101,-0.39108,
209154863,16,378,-1.8536,-1.9986,0.16154,-0.53516,
209154863,17,403,-1.7816,-2.1848,0.21143,-0.42306,
209154863,18,428,-2.0184,-1.8699,0.16259,-0.58849,
209154863,19,453,-1.9407,-1.5443,-0.067661,-0.44412,
209154863,20,479,-1.9452,-1.591,-0.11786,-0.50697,
209154863,21,504,-2.1878,-2.0468,0.24088,-0.336,
209154863,22,529,-1.7113,-2.0533,0.1579,-0.61487,
209154863,23,554,-2.1687,-1.1347,0.11708,-0.39942,
209154863,24,579,-2.2578,-1.2534,0.050144,-0.403,
209154863,25,604,-2.261,-1.4194,0.39392,-0.31223,
209154863,26,630,-2.189,-0.86436,0.3991,-0.25333,
209154863,27,655,-2.1622,-0.66372,0.43537,-0.067501,
209154863,28,680,-2.3603,-0.3691,0.056318,-0.15485,
209154863,29,705,-2.3736,-0.067918,0.81361,-0.39675,
209154863,30,730,-2.3208,-0.039278,0.75579,-0.39287,
209154863,31,756,-2.5218,-0.23514,0.51513,0.1698,
209154863,32,781,-1.7189,-0.11753,0.45822,-0.1301,
209154863,33,806,-2.3406,0.30839,0.59493,-0.18741,
209154863,34,831,-2.1357,0.31478,0.72064,0.11544,
209154863,35,856,-1.9169,0.6422,1.0308,0.28679,
209154863,36,882,-2.2239,0.28045,1.1052,0.20824,
209154863,37,907,-2.0632,0.81723,1.234,0.3826,
209154863,38,932,-2.025,0.53379,1.3535,0.55389,
209154863,39,957,-1.8976,0.74823,1.2572,0.29374,
209154863,40,982,-1.9602,0.93938,1.1822,0.87229,
209154863,41,1007,-2.3106,1.2253,1.2819,0.6937,
209154863,42,1033,-2.0353,1.583,1.7103,0.99083,
209154863,43,1058,-1.4229,1.4227,1.743,0.86805,
209154863,44,1083,-1.2978,1.4056,1.5993,1.1267,
209154863,45,1108,-1.5047,1.7388,1.6798,1.0862,
209154863,46,1133,-1.4865,1.7565,2.1052,1.4213,
209154863,47,1159,-1.0639,1.6842,2.215,1.0085,
209154863,48,1184,-1.1912,2.1526,2.0368,1.0199,
209154863,49,1209,-1.4473,2.0822,2.4378,1.5129,
209154863,50,1234,-1.2654,2.0678,2.4758,1.3911,
209154863,51,1259,-1.4051,2.4281,2.7563,1.4486,
209154863,52,1285,-1.0204,2.671,2.9293,1.4088,
209154863,53,1310,-1.076,2.6919,2.9358,1.553,
209154863,54,1335,-1.1742,2.8598,2.9195,1.8798,
209154863,55,1360,-1.2024,3.3153,3.0158,2.0796,
209154863,56,1385,-0.92755,3.42,3.0767,1.9781,
209154863,57,1410,-1.0238,3.4366,3.0841,2.2443,
209154863,58,1436,-0.77004,3.2097,2.882,2.2391,
209154863,59,1461,-0.64348,3.4078,2.8388,2.5629,
209154863,60,1486,-0.83031,3.4317,2.8621,2.3985,
209154863,61,1511,-1.0099,3.1123,2.9326,2.1007,
209154863,62,1536,-1.1106,3.023,2.8269,2.1557,
209154863,63,1562,-1.1174,2.8599,2.5187,2.0038,
209154863,64,1587,-1.0141,2.5997,2.3123,1.8673,
209154863,65,1612,-1.3903,2.1204,2.1046,1.5946,
209154863,66,1637,-1.4774,1.6105,1.8427,1.5434,
209154863,67,1662,-1.7225,1.6133,1.6266,1.6319,
209154863,68,1688,-2.2528,1.7799,1.4438,1.4354,
209154863,69,1713,-1.943,1.2504,1.0139,1.4617,
209154863,70,1738,-1.9917,1.4235,1.1929,1.7055,
209154863,71,1763,-1.9644,1.2368,0.95807,1.4697,
209154863,72,1788,-2.2185,1.0855,0.66238,1.0003,
209154863,73,1813,-2.135,0.99198,0.74754,1.3291,
209154863,74,1839,-2.2638,0.67686,0.94167,1.3099,
209154863,75,1864,-2.7303,0.74047,0.48315,0.97206,
209154863,76,1889,-2.4136,1.0233,0.71948,1.106,
209154863,77,1914,-2.0716,1.1641,0.88719,0.94207,
209154863,78,1939,-2.2296,1.0022,0.49852,1.0783,
209154863,79,1965,-1.6846,1.1722,0.53165,1.3809,
209154863,80,1990,-1.9524,1.3539,0.68101,1.2068,
209154863,81,2015,-1.6675,1.4598,0.1205,1.6156,
209154863,82,2040,-1.7224,1.3863,-0.055473,1.1968,
209154863,83,2065,-1.9083,1.1988,0.56141,1.4251,
209154863,84,2090,-1.8804,1.2326,0.12198,1.2348,
209154863,85,2116,-1.6861,1.2516,-0.031508,1.1559,
209154863,86,2141,-1.6342,1.4214,0.1892,1.7325,
209154863,87,2166,-1.8027,1.494,0.097031,1.7955,
209154863,88,2191,-1.5423,1.1025,-0.050107,1.3942,
209154863,89,2216,-1.5347,0.76612,-0.055722,1.6054,
209154863,90,2242,-1.2628,0.74891,-0.31538,1.41,
209154863,91,2267,-1.6518,0.46249,-0.46528,1.6559,
209154863,92,2292,-1.9951,0.38387,-0.50369,1.6006,
209154863,93,2317,-1.6993,0.34841,-0.48422,1.7507,
209154863,94,2342,-1.8363,0.56912,-0.65835,1.3097,
209154863,95,2368,-1.508,0.35125,-0.8293,1.3062,
209154863,96,2393,-1.8592,0.040596,-0.25217,1.1066,
209154863,97,2418,-1.6148,-0.1085,-0.6673,1.5393,
209154863,98,2443,-1.5349,-0.31001,-0.91611,1.3839,
209154863,99,2468,-1.6015,-0.32145,-1.0817,1.2852,
209154863,100,2493,-2.1211,-0.035883,-0.88309,1.0153,
209154863,101,2519,-1.5572,-0.050309,-0.66291,1.304,
209154863,102,2544,-1.635,-0.029655,-1.3931,0.99652,
209154863,103,2569,-1.7884,-0.10978,-1.2605,0.7723,
209154863,104,2594,-1.573,-0.2336,-1.3499,0.57577,
209154863,105,2619,-1.3383,-0.16334,-1.306,0.70376,
209154863,106,2645,-1.4373,-0.2141,-1.3797,0.56526,
209154863,107,2670,-1.2292,-0.37027,-1.1104,0.60062,
209154863,108,2695,-1.2186,0.12406,-1.1206,0.52442,
209154863,109,2720,-1.3041,-0.20803,-1.2346,0.17888,
209154863,110,2745,-1.288,-0.016973,-1.3761,0.52775,
209154863,111,2771,-1.0039,-0.0010498,-1.111,0.38353,
209154863,112,2796,-0.90268,0.0059777,-1.0542,0.31078,
209154863,113,2821,-0.54411,0.1072,-1.2381,-0.040926,
209154863,114,2846,-0.58281,0.52376,-1.2154,0.3607,
209154863,115,2871,-0.54405,0.20953,-1.2311,0.075052,
209154863,116,2896,-0.39465,0.49985,-1.3671,0.1719,
209154863,117,2922,-0.31213,0.61164,-1.0823,0.13338,
209154863,118,2947,-0.38319,0.37509,-1.3167,0.23754,
209154863,119,2972,-0.19244,0.84483,-1.4904,0.14237,
209154863,120,2997,-0.09573,0.7661,-1.6514,0.2377,
209154863,121,3022,0.24595,0.46605,-1.1821,0.39889,
209154863,122,3048,0.015878,0.97562,-1.6676,0.24394,
209154863,123,3073,0.41115,0.88072,-1.7794,0.48812,
209154863,124,3098,0.24006,1.1049,-1.4728,0.75873,
209154863,125,3123,0.33684,1.4533,-1.423,0.60543,
209154863,126,3148,0.78649,1.6196,-1.4756,0.7786,
209154863,127,3174,1.3539,1.5844,-1.4332,0.66624,
209154863,128,3199,1.5692,1.6407,-1.3178,0.8105,
209154863,129,3224,1.7636,1.5291,-1.5635,1.3642,
209154863,130,3249,1.9523,1.3895,-1.724,1.5241,
209154863,131,3274,1.1585,1.6389,
209154863,132,3299,1.5582,1.6287,
209154863,133,3325,2.2697,1.9752,
209154863,134,3350,2.2783,2.2056,
209154863,135,3375,2.4704,
211335542,1,0,0,0,0,0,
211335542,2,25,0.63784,1.4686,-0.97699,-0.34,
211335542,3,50,-0.040105,1.4046,0.38314,1.3354,
211335542,4,76,-0.088163,0.57181,0.63891,1.5126,
211335542,5,101,-0.75012,2.8815,-0.38634,-0.82993,
211335542,6,126,0.13168,0.26782,0.34399,0.48203,
211335542,7,151,0.55621,0.29979,0.093302,0.58736,
211335542,8,176,0.30628,0.1974,0.33209,0.66928,
211335542,9,202,-0.34468,0.25156,0.14136,-0.5844,
211335542,10,227,0.26224,0.24026,0.11768,-1.0127,
211335542,11,252,-1.4891,0.99064,0.16719,-0.80605,
211335542,12,277,-1.2283,0.16766,0.48554,-0.44584,
211335542,13,302,-0.29872,0.94379,1.4362,-0.72081,
211335542,14,328,-1.5732,0.21452,-0.025826,-0.042335,
211335542,15,353,-0.9827,0.1392,0.020732,0.14899,
211335542,16,378,-0.6106,0.16509,1.206,-0.59532,
211335542,17,403,-1.0409,-0.19152,-0.90008,-0.82273,
211335542,18,428,-0.86681,-0.48069,0.93392,-0.089059,
211335542,19,454,-1.0292,0.46577,0.50968,-1.1788,
211335542,20,479,0.26301,0.58293,-0.32688,-0.74722,
211335542,21,504,-0.57916,-0.63188,-1.3445,-0.83224,
211335542,22,529,-0.62324,0.68603,-1.0399,-1.3841,
211335542,23,554,-0.15762,-0.059488,-1.1671,-1.0519,
211335542,24,580,-0.36545,-0.54972,-0.21189,-0.92057,
211335542,25,605,-1.6251,-1.0807,-0.11395,0.10428,
211335542,26,630,-0.64818,-0.88309,-1.1857,0.47933,
211335542,27,655,-1.2516,-2.3136,0.39514,-0.81214,
211335542,28,680,-0.11737,-1.0232,0.59791,0.8427,
211335542,29,706,-1.4228,-0.47835,0.4731,-0.64528,
211335542,30,731,-0.30278,0.20412,-1.0831,-0.58404,
211335542,31,756,-1.3793,-1.1735,-0.7215,0.74645,
211335542,32,781,-0.15498,0.62125,-0.91987,-0.12326,
211335542,33,806,-1.2178,1.592,-0.24543,-0.029999,
211335542,34,832,-1.137,0.91989,-0.45802,-0.56685,
211335542,35,857,-0.14713,0.92429,-1.4939,-0.27223,
211335542,36,882,-0.13995,0.80386,-3.267,-0.095399,
211335542,37,907,0.27188,0.95469,-2.3718,-0.22418,
211335542,38,932,-0.28786,1.3097,0.30231,0.61959,
211335542,39,958,-0.22139,0.60274,-2.1475,0.16916,
211335542,40,983,0.85612,0.85205,0.043607,-0.3702,
211335542,41,1008,-0.84068,1.7782,-2.2939,1.0205,
211335542,42,1033,0.020667,-0.77039,-1.2275,0.35716,
211335542,43,1058,0.773,0.30368,-2.2599,0.092801,
211335542,44,1084,0.58633,1.0576,-1.917,0.94996,
211335542,45,1109,0.51176,0.6806,-1.9656,1.7343,
211335542,46,1134,-0.29872,1.624,-0.37579,1.1223,
211335542,47,1159,-0.11323,2.8764,-0.063335,0.44294,
211335542,48,1184,0.84633,0.78017,-1.014,0.36473,
211335542,49,1210,0.85493,1.2131,-1.4691,0.51571,
211335542,50,1235,0.48687,2.4896,-1.0853,0.65379,
211335542,51,1260,0.31785,0.92347,-1.034,0.31377,
211335542,52,1285,0.22366,2.5093,-1.0145,0.60789,
211335542,53,1310,0.39009,1.4469,-0.65303,1.0037,
211335542,54,1336,0.48812,2.0496,-1.2982,2.2337,
211335542,55,1361,1.0329,0.6815,-0.94291,1.4082,
211335542,56,1386,0.13577,1.1303,-0.90432,1.156,
211335542,57,1411,0.31,2.7668,-0.71297,1.153,
211335542,58,1436,0.45908,2.3774,-1.653,0.55675,
211335542,59,1462,1.3126,2.3724,-1.2911,1.3723,
211335542,60,1487,0.32669,2.9844,-1.2961,2.1394,
211335542,61,1512,0.47431,2.0653,-0.71387,2.2078,
211335542,62,1537,0.83711,2.8442,-0.41377,1.8934,
211335542,63,1563,1.4944,1.8051,-0.026902,2.5535,
211335542,64,1588,-0.26023,-0.27598,-1.4579,1.9175,
211335542,65,1613,-0.4383,0.86702,-0.19363,0.3701,
211335542,66,1638,-0.48722,1.5165,-1.5204,0.59055,
211335542,67,1663,-2.013,0.94864,-1.9291,0.72922,
211335542,68,1689,0.26266,1.3794,-1.4281,1.4816,
211335542,69,1714,-0.43244,2.768,-2.0559,0.9595,
211335542,70,1739,-1.4662,0.92525,-0.69151,0.32212,
211335542,71,1764,-1.896,1.0437,-2.0179,0.55905,
211335542,72,1789,-2.1438,1.0206,-1.2775,0.75869,
211335542,73,1815,-0.23028,0.85007,-1.2198,0.3563,
211335542,74,1840,-0.92658,-0.061281,-1.937,0.21681,
211335542,75,1865,-1.2112,2.1621,0.12998,0.40091,
211335542,76,1890,-1.7716,0.93675,-0.60285,1.4725,
211335542,77,1915,-2.1815,0.39476,-0.73439,1.0016,
211335542,78,1941,-1.2988,2.3873,-0.64004,2.0138,
211335542,79,1966,0.33248,1.2875,-0.032702,1.6369,
211335542,80,1991,0.42621,3.8057,-0.46824,1.3279,
211335542,81,2016,0.16916,3.2542,-0.94718,1.5382,
211335542,82,2041,0.58692,3.3452,-0.30923,1.9157,
211335542,83,2067,2.252,2.0964,-0.98348,0.77571,
211335542,84,2092,1.8769,2.7499,-0.4236,1.1494,
211335542,85,2117,1.5863,1.6451,-0.31964,0.52942,
211335542,86,2142,2.0875,2.5162,-0.31669,0.46982,
211335542,87,2167,1.3591,2.0237,-1.3117,0.12428,
211335542,88,2193,1.4848,1.4733,-1.0295,0.70535,
211335542,89,2218,0.72989,2.6064,-0.31177,1.7202,
211335542,90,2243,3.0855,2.9136,-1.131,0.18611,
211335542,91,2268,1.651,4.5525,-0.12146,1.0804,
211335542,92,2293,0.47365,2.9754,-0.43602,0.021835,
211335542,93,2319,1.1904,2.233,-0.26325,-0.82542,
211335542,94,2344,0.80814,3.6273,-1.7097,-0.16413,
211335542,95,2369,1.936,2.302,-1.5298,0.10635,
211335542,96,2394,1.2475,3.1322,-1.1064,-0.57773,
211335542,97,2419,0.22244,2.8685,-0.33122,-1.8744,
211335542,98,2445,0.53789,5.4152,-1.2156,-1.5795,
211335542,99,2470,1.9976,3.5374,-1.0224,-1.0756,
211335542,100,2495,0.53562,2.1458,-1.5953,0.097758,
211335542,101,2520,0.092181,1.6349,-1.6333,-0.77444,
211335542,102,2545,2.1382,1.8187,-0.81308,-1.5545,
211335542,103,2571,1.0508,0.32913,-0.85704,-0.72273,
211335542,104,2596,1.6635,1.187,-0.045434,-1.6957,
211335542,105,2621,0.94326,2.0842,-0.82899,-1.0554,
211335542,106,2646,1.5277,-0.092885,-0.8147,-1.3658,
211335542,107,2671,2.0968,2.4465,-0.02554,-1.4803,
211335542,108,2697,0.075154,0.53548,-1.9599,-1.3668,
211335542,109,2722,0.99629,0.92609,-1.2161,-1.0707,
211335542,110,2747,1.2499,0.70231,-1.686,-0.87614,
211335542,111,2772,-0.32649,1.5183,-1.3671,-1.5834,
211335542,112,2797,-0.012688,1.9173,-2.6312,-1.2564,
211335542,113,2823,0.63392,1.1894,-1.2267,-0.48199,
211335542,114,2848,1.4078,0.83764,-1.0429,-0.83553,
211335542,115,2873,0.45152,-2.0614,-1.5859,
211335542,116,2898,0.52474,-3.1611,-1.2614,
211335542,117,2923,1.6578,-1.2572,-0.92802,
211335542,118,2949,0.41736,-1.0317,-0.5594,
211335542,119,2974,0.87923,-2.1521,0.21571,
211335542,120,2999,-0.011281,-0.6935,
211335542,121,3024,-0.52766,
211335542,122,3049,0.11958,
211335542,123,3075,-0.79615,
211335542,124,3100,-1.0181,
211335542,125,3125,-0.61296,
306346313,1,0,0,0,0,0,
306346313,2,25,-0.64845,-0.17899,-1.617,1.6371,
306346313,3,51,-0.43019,-0.021265,-3.3143,0.93812,
306346313,4,76,-0.50612,-2.1185,-1.0375,0.021356,
306346313,5,102,0.18407,-1.7361,-0.53507,2.2412,
306346313,6,127,1.098,-2.8115,-0.028784,2.0257,
306346313,7,152,1.769,-1.4905,-0.23623,3.0097,
306346313,8,178,-0.27996,-1.1108,-3.7404,1.4677,
306346313,9,203,-0.37548,-1.2192,-1.6946,1.3892,
306346313,10,229,-0.72555,-3.1114,-3.9466,1.5709,
306346313,11,254,-1.7229,-0.61956,-2.1649,1.9021,
306346313,12,279,-0.28701,-0.36837,-0.30436,0.53519,
306346313,13,305,-1.5656,0.62943,-5.9761,1.1974,
306346313,14,330,-2.4539,-1.113,-3.8343,2.446,
306346313,15,356,-1.3303,-1.2256,-4.66,2.3223,
306346313,16,381,-0.72182,0.56801,-0.63781,-0.20117,
306346313,17,406,-1.8362,-3.2687,1.4878,-0.287,
306346313,18,432,-1.1932,-3.1742,2.5186,2.6704,
306346313,19,457,-3.7608,-0.4634,2.21,-1.2029,
306346313,20,483,-2.5359,-1.0489,1.7635,0.93112,
306346313,21,508,-3.7816,0.80344,-0.84942,-0.69906,
306346313,22,533,-3.9264,1.1889,2.6572,1.2349,
306346313,23,559,-2.5133,0.96027,-1.6064,-1.5749,
306346313,24,584,-5.8433,-0.87627,1.4363,1.6935,
306346313,25,610,-4.5732,-1.7076,-1.2206,2.1745,
306346313,26,635,-5.6375,-1.247,-2.0412,1.1434,
306346313,27,660,-4.5012,-1.3199,1.2629,2.3915,
306346313,28,686,-3.4026,1.3101,-0.41625,0.36495,
306346313,29,711,-4.5942,-2.9431,-3.415,1.0916,
306346313,30,737,-3.5305,-0.047321,-1.0622,-0.22847,
306346313,31,762,-2.3263,-2.826,0.71709,-1.1976,
306346313,32,788,-5.4066,-0.67213,-1.4429,2.0907,
306346313,33,813,-6.5368,-1.0258,-0.35249,1.8998,
306346313,34,838,-4.7581,-3.5395,-0.36562,0.50063,
306346313,35,864,-5.8854,-0.19776,2.3424,0.81432,
306346313,36,889,-3.9291,1.8251,-0.46676,-0.58265,
306346313,37,915,-2.9822,0.31447,-0.93299,3.3958,
306346313,38,940,-1.9019,-0.53972,-0.29116,0.69047,
306346313,39,965,-4.8144,-0.3048,0.21446,5.312,
306346313,40,991,-5.3812,-0.51056,-0.61227,6.465,
306346313,41,1016,-2.9009,1.7072,-0.86025,2.6968,
306346313,42,1042,-3.5336,3.4914,1.211,3.1985,
306346313,43,1067,-5.1444,1.0915,0.51523,-0.58577,
306346313,44,1092,-4.232,-0.41944,0.71551,4.6963,
306346313,45,1118,-3.8546,-0.17925,-0.07736,3.6622,
306346313,46,1143,-3.0748,-0.32504,0.8343,2.1161,
306346313,47,1169,-1.5988,2.1854,0.80305,
306346313,48,1194,-3.5986,0.94064,
306346313,49,1219,-2.657,-2.025,
306346313,50,1245,-3.0514,2.4883,
306346313,51,1270,-3.2755,-0.69706,
306346313,52,1296,-1.5596,2.8177,
306346313,53,1321,-3.1147,-1.0069,
306346313,54,1346,-5.9714,3.0607,
306346313,55,1372,-2.826,-0.36006,
306346313,56,1397,-4.6842,-0.79532,
306346313,57,1423,-6.5188,1.9878,
306346313,58,1448,-0.11959,
306346313,59,1473,-0.97483,
306346313,60,1499,1.1963,
306346313,61,1524,-0.14965,
306346313,62,1550,-2.6173,
306346313,63,1575,0.13746,
314919309,1,0,0,0,0,0,
314919309,2,25,0.075057,-0.37793,0.033781,0.70029,
314919309,3,50,-0.048384,-0.35089,-0.22654,0.74142,
314919309,4,76,0.2064,0.090778,-0.20242,0.89958,
314919309,5,101,0.25712,-0.021121,0.063605,0.91894,
314919309,6,126,0.23219,0.20116,-0.068707,1.2823,
314919309,7,151,0.41563,0.45251,0.21149,1.4623,
314919309,8,177,0.60013,0.26266,0.27043,1.5844,
314919309,9,202,0.75114,0.48783,0.32281,1.7698,
314919309,10,227,0.90549,0.40517,0.39971,1.5375,
314919309,11,252,0.97327,0.31363,0.45946,1.3067,
314919309,12,277,0.84198,0.40942,0.58217,1.2773,
314919309,13,303,0.9699,0.30111,0.62335,1.1643,
314919309,14,328,0.86636,0.16342,0.57505,1.0722,
314919309,15,353,0.60053,-0.10131,0.41444,0.75186,
314919309,16,378,0.47272,-0.011552,0.66741,0.69029,
314919309,17,404,0.36141,-0.21616,0.56949,0.85994,
314919309,18,429,0.30755,-0.4551,0.49293,0.71145,
314919309,19,454,0.1873,-0.49469,0.20213,0.41802,
314919309,20,479,0.13586,-0.53995,0.27402,0.2514,
314919309,21,504,0.085786,-0.4187,0.22879,0.028632,
314919309,22,530,-0.055972,-0.51969,-0.15078,0.035486,
314919309,23,555,0.03872,-0.6072,-0.16201,-0.10454,
314919309,24,580,-0.16319,-0.56375,-0.15885,-0.164,
314919309,25,605,-0.13365,-0.69221,-0.2767,-0.027572,
314919309,26,630,-0.17338,-0.63547,-0.18265,-0.25669,
314919309,27,656,0.066497,-0.78607,-0.36772,-0.31192,
314919309,28,681,0.035404,-0.54114,-0.39074,-0.234,
314919309,29,706,0.068667,-0.52763,-0.25364,-0.35477,
314919309,30,731,0.090721,-0.55645,-0.31428,-0.34742,
314919309,31,757,0.12069,-0.14568,-0.51356,-0.38754,
314919309,32,782,0.18775,-0.20152,-0.19754,-0.24681,
314919309,33,807,0.34538,-0.038043,-0.23943,-0.48105,
314919309,34,832,0.46754,0.096146,-0.055432,-0.37736,
314919309,35,857,0.35451,0.15027,-0.055571,-0.047329,
314919309,36,883,0.45615,0.29271,0.029656,-0.25621,
314919309,37,908,0.43056,-0.20538,0.012609,-0.071757,
314919309,38,933,0.46483,-0.058319,0.00021645,-0.1547,
314919309,39,958,0.44021,-0.10669,0.11596,-0.0055258,
314919309,40,984,0.69308,-0.066345,0.31123,0.12747,
314919309,41,1009,0.74279,-0.055239,0.30923,0.27083,
314919309,42,1034,0.7254,0.021506,0.28973,0.46259,
314919309,43,1059,0.6615,-0.055877,0.2198,0.31705,
314919309,44,1084,0.84854,0.23433,0.20316,0.49184,
314919309,45,1110,0.85516,0.047949,0.33571,0.48288,
314919309,46,1135,1.0121,-0.03315,0.39651,0.68174,
314919309,47,1160,0.8073,0.18849,0.6289,0.72889,
314919309,48,1185,0.99477,0.24786,0.53684,0.81026,
314919309,49,1211,1.1252,0.1642,0.46617,0.6343,
314919309,50,1236,0.97646,0.12265,0.49511,0.82328,
314919309,51,1261,1.144,-0.00023268,0.56635,0.77346,
314919309,52,1286,1.3016,0.17339,0.52078,0.74686,
314919309,53,1311,1.48,0.17563,0.57181,0.82271,
314919309,54,1337,1.0858,0.19121,0.43192,0.77234,
314919309,55,1362,1.342,-0.034432,0.45124,0.85121,
314919309,56,1387,1.3959,0.14004,0.3695,0.76756,
314919309,57,1412,1.3817,0.22397,0.2798,0.66215,
314919309,58,1438,1.3014,0.34483,0.63938,0.75214,
314919309,59,1463,1.3168,0.040248,0.99459,0.83453,
314919309,60,1488,1.4023,0.26044,1.1309,0.92221,
314919309,61,1513,1.4471,-0.056923,1.5165,0.97407,
314919309,62,1538,1.5236,0.16001,1.6735,0.91311,
314919309,63,1564,1.6648,-0.036839,1.7095,1.0732,
314919309,64,1589,1.5572,0.2057,1.9102,1.2226,
314919309,65,1614,1.7744,-0.064855,2.2594,1.2822,
314919309,66,1639,1.7208,-0.015436,2.5097,1.0197,
314919309,67,1664,2.2117,0.097986,2.3112,0.98903,
314919309,68,1690,2.1226,0.34877,2.163,1.1532,
314919309,69,1715,2.3002,0.32547,1.9109,1.0204,
314919309,70,1740,2.1822,0.14973,1.5391,0.78067,
314919309,71,1765,2.5559,0.43095,1.3008,0.55532,
314919309,72,1791,2.2561,0.074965,1.0343,0.61069,
314919309,73,1816,2.1381,-0.02747,0.82891,0.6662,
314919309,74,1841,2.2081,-0.1258,0.64506,0.5292,
314919309,75,1866,1.8032,-0.19163,0.18997,0.5186,
314919309,76,1891,1.6516,-0.16387,-0.21228,0.51083,
314919309,77,1917,1.7434,-0.1607,-0.4006,0.2812,
314919309,78,1942,1.6331,-0.40155,-0.89264,0.18996,
314919309,79,1967,1.6498,-0.37767,-0.98156,0.14721,
314919309,80,1992,1.6816,-0.50738,-1.3849,-0.13123,
314919309,81,2018,1.7315,-0.73915,-1.3888,-0.12385,
314919309,82,2043,1.664,-0.87851,-1.391,-0.078029,
314919309,83,2068,1.6452,-1.1869,-1.4568,-0.69612,
314919309,84,2093,1.435,-1.1197,-1.7153,-0.32767,
314919309,85,2118,1.3276,-1.3187,-1.79,-0.75631,
314919309,86,2144,1.1118,-1.6856,-1.9092,-0.9059,
314919309,87,2169,1.098,-1.8062,-1.7234,-0.60962,
314919309,88,2194,1.1039,-1.7401,-1.7864,-1.0736,
314919309,89,2219,0.86178,-1.9956,-1.7732,-1.185,
314919309,90,2245,0.98241,-1.9155,-1.6146,-1.0904,
314919309,91,2270,0.89159,-2.2105,-1.4935,-1.256,
314919309,92,2295,0.81544,-2.146,-1.5033,-1.0717,
314919309,93,2320,1.0148,-2.1711,-1.6739,-1.2415,
314919309,94,2345,0.9369,-1.8554,-1.6064,-1.3655,
314919309,95,2371,0.85975,-1.6289,-1.3403,-1.4162,
314919309,96,2396,1.002,-1.9817,-1.1383,-1.6027,
314919309,97,2421,0.9612,-1.924,-0.94023,-1.8986,
314919309,98,2446,0.79362,-1.6848,-0.9336,-1.7292,
314919309,99,2471,0.89538,-1.8768,-0.72147,-1.7444,
314919309,100,2497,0.75897,-1.4299,-0.81589,-1.9414,
314919309,101,2522,0.79135,-1.3751,-0.65332,-1.7241,
314919309,102,2547,0.67859,-2.0956,-0.70863,-1.7112,
314919309,103,2572,0.48748,-2.2651,-0.51243,-1.5929,
314919309,104,2598,0.65114,-2.0382,-0.37728,-1.6939,
314919309,105,2623,0.83923,-0.53711,-1.3061,
314919309,106,2648,0.99906,-0.41938,-1.297,
314919309,107,2673,0.57127,-0.49348,-1.3208,
314919309,108,2698,0.87989,-0.51386,-1.1304,
314919309,109,2724,1.0767,-0.46281,-1.1906,
314919309,110,2749,0.93619,-0.42338,-1.1852,
314919309,111,2774,0.33236,-0.4474,-1.2724,
314919309,112,2799,0.30356,-0.13759,-1.0777,
314919309,113,2825,0.24467,-0.51476,
314919309,114,2850,0.56463,-0.18397,
314919309,115,2875,0.5623,
318657061,1,0,0,0,0,0,
318657061,2,25,0.054541,0.42207,-0.12826,0.52695,
318657061,3,50,-0.178,0.64017,-0.25896,0.11506,
318657061,4,76,0.014758,1.0002,-0.33607,0.35619,
318657061,5,101,0.012757,0.67391,-0.34632,0.48206,
318657061,6,126,0.18511,0.76526,0.042438,0.5598,
318657061,7,151,0.23572,0.69706,-0.33085,0.52939,
318657061,8,176,0.74943,0.71153,-0.20661,0.65363,
318657061,9,202,0.57291,0.78867,-0.22522,0.93643,
318657061,10,227,0.59933,0.80115,0.051423,1.0001,
318657061,11,252,0.73203,0.63964,0.18999,0.92192,
318657061,12,277,0.79621,0.71295,-0.013328,1.0729,
318657061,13,303,0.93081,0.69467,-0.079529,1.25,
318657061,14,328,0.82278,0.82448,0.1984,1.4737,
318657061,15,353,0.69386,0.6011,-0.34072,1.6302,
318657061,16,378,0.90778,0.61424,-0.54231,1.4293,
318657061,17,403,1.0956,0.39175,-0.3527,1.7552,
318657061,18,429,0.96925,0.57415,-0.53386,1.4988,
318657061,19,454,1.0751,0.60631,-0.33236,1.3989,
318657061,20,479,0.76781,0.38711,-0.70661,1.407,
318657061,21,504,0.41751,0.62475,-0.3274,1.7017,
318657061,22,529,0.6399,0.63968,-0.85478,1.4988,
318657061,23,555,0.47256,0.27471,-1.0762,1.4909,
318657061,24,580,0.56739,0.48748,-0.93483,1.5826,
318657061,25,605,0.77354,0.44847,-0.83232,1.814,
318657061,26,630,0.63843,0.2551,-0.7642,1.8253,
318657061,27,655,0.44857,0.47398,-0.70445,1.9355,
318657061,28,681,0.39926,0.41508,-0.83702,1.6862,
318657061,29,706,0.38426,-0.020457,-0.55949,1.8087,
318657061,30,731,0.63303,0.14225,-0.67515,1.6634,
318657061,31,756,0.53521,0.31691,-0.69062,2.017,
318657061,32,782,0.7893,0.20818,-0.78523,1.8641,
318657061,33,807,0.69984,0.10286,-0.35519,1.9205,
318657061,34,832,0.38712,0.45152,-1.0154,1.9156,
318657061,35,857,1.0033,-0.26826,-0.43314,1.9875,
318657061,36,882,0.83578,-0.19388,-0.78817,1.7333,
318657061,37,908,0.79109,0.090394,-0.81848,1.7771,
318657061,38,933,0.91878,-0.21619,-0.56036,1.788,
318657061,39,958,0.69902,-0.2374,-0.99135,1.4392,
318657061,40,983,1.0596,0.20533,-0.61045,1.4495,
318657061,41,1008,1.0218,-0.23845,-0.8344,1.61,
318657061,42,1034,1.277,0.15669,-0.61718,1.502,
318657061,43,1059,1.6392,-0.19531,-0.93538,1.6236,
318657061,44,1084,1.5854,-0.3607,-0.69961,1.7318,
318657061,45,1109,1.3467,-0.29919,-0.73353,1.3807,
318657061,46,1134,1.4476,-0.17045,-0.82616,1.5732,
318657061,47,1160,1.7661,-0.1058,-0.64959,1.4357,
318657061,48,1185,1.644,-0.18391,-0.82886,1.5622,
318657061,49,1210,1.7353,-0.42006,-0.96446,1.8113,
318657061,50,1235,1.812,0.15748,-0.70557,1.7938,
318657061,51,1261,1.6711,-0.24302,-0.92293,1.7051,
318657061,52,1286,1.8766,-0.13433,-1.0232,1.4502,
318657061,53,1311,1.7068,-0.27226,-0.47245,1.443,
318657061,54,1336,1.9187,-0.36937,-0.5791,1.5234,
318657061,55,1361,1.6503,-0.019976,-0.62497,1.2395,
318657061,56,1387,1.3932,-0.15596,-0.94199,1.4085,
318657061,57,1412,1.4491,-0.39328,-0.77657,1.2385,
318657061,58,1437,1.7022,-0.1399,-1.2066,1.1339,
318657061,59,1462,1.2332,-0.20136,-1.0094,1.1638,
318657061,60,1487,1.3109,-0.54179,-1.1326,0.73013,
318657061,61,1513,1.3965,-0.50836,-1.251,0.86217,
318657061,62,1538,0.89532,-0.30379,-1.178,0.72326,
318657061,63,1563,1.0257,-1.1004,-1.1483,0.38649,
318657061,64,1588,0.64148,-0.9047,-1.0158,0.09821,
318657061,65,1613,0.8308,-0.93035,-0.89276,0.3254,
318657061,66,1639,0.68172,-0.51812,-0.62423,0.41077,
318657061,67,1664,0.84842,-0.80162,-1.1334,0.049108,
318657061,68,1689,0.42205,-0.9428,-0.81177,0.32955,
318657061,69,1714,0.30009,-1.0234,-0.9725,0.25992,
318657061,70,1739,0.55645,-1.3188,-0.47892,0.22679,
318657061,71,1765,0.76664,-0.76725,-0.54268,0.28931,
318657061,72,1790,0.81256,-1.028,-0.61262,0.33292,
318657061,73,1815,0.75864,-1.0065,-0.64622,0.25831,
318657061,74,1840,0.52375,-1.1218,-0.42798,0.5571,
318657061,75,1866,0.50557,-1.1396,-0.36232,0.50953,
318657061,76,1891,0.56213,-0.6563,-0.67147,0.54198,
318657061,77,1916,0.49365,-0.88637,-0.76273,0.81882,
318657061,78,1941,0.21341,-0.95409,-0.95172,0.84188,
318657061,79,1966,0.29323,-1.127,-0.50886,0.44713,
318657061,80,1992,0.41609,-0.67938,-1.0637,0.8971,
318657061,81,2017,0.30256,-0.83815,-0.70561,0.71953,
318657061,82,2042,0.2341,-0.67974,-1.0698,0.73659,
318657061,83,2067,-0.045678,-0.82752,-1.2244,0.82835,
318657061,84,2092,0.080372,-0.94584,-0.87195,0.3005,
318657061,85,2118,0.26581,-0.88257,-1.0983,0.56497,
318657061,86,2143,0.061075,-0.57238,-0.96615,0.48326,
318657061,87,2168,0.078241,-1.1903,-0.8121,0.12294,
318657061,88,2193,0.24074,-0.53117,-1.2062,0.2764,
318657061,89,2218,0.17239,-0.61358,-0.7891,0.20533,
318657061,90,2244,0.072621,-0.9897,-1.07,-0.15822,
318657061,91,2269,0.18573,-0.92183,-1.3151,-0.062075,
318657061,92,2294,0.18254,-0.92115,-0.98872,0.27788,
318657061,93,2319,0.3736,-0.74273,-0.96866,-0.22814,
318657061,94,2345,0.10345,-0.59048,-0.90091,-0.18572,
318657061,95,2370,0.25617,-1.1805,-1.0311,-0.45975,
318657061,96,2395,0.2011,-0.80581,-1.2673,-0.84941,
318657061,97,2420,0.057033,-1.0067,-0.9894,-0.83137,
318657061,98,2445,0.30936,-1.2477,-1.0021,-0.81329,
318657061,99,2471,0.29508,-1.0928,-0.9655,-0.91369,
318657061,100,2496,0.23176,-1.5148,-0.84981,-0.75487,
318657061,101,2521,0.24397,-1.3855,-0.68556,-0.60461,
318657061,102,2546,0.36293,-1.5281,-0.755,-0.78024,
318657061,103,2571,0.29415,-1.5421,-0.25104,-0.75106,
318657061,104,2597,-0.22573,-1.3889,-0.42017,-1.0089,
318657061,105,2622,0.041703,-2.1671,-0.62101,-0.51938,
318657061,106,2647,-0.10483,-2.1901,-0.46938,-1.3487,
318657061,107,2672,0.028314,-2.1058,-0.49655,-1.5784,
318657061,108,2697,-0.096235,-2.0926,-0.61842,-0.9263,
318657061,109,2723,-0.064029,-2.2205,-0.57496,-0.72856,
318657061,110,2748,0.17932,-2.1043,-0.65618,-0.8537,
318657061,111,2773,0.26539,-2.2048,-0.37446,-0.79621,
318657061,112,2798,0.24444,-1.7401,-0.37739,-0.4967,
318657061,113,2824,0.21889,-1.8993,-0.40086,-0.32526,
318657061,114,2849,0.16168,-1.9968,-0.31351,-0.66695,
318657061,115,2874,0.13659,-1.82,-0.50672,-0.70798,
318657061,116,2899,0.27081,-0.97771,-0.77479,
318657061,117,2924,0.25211,-0.56343,-0.65147,
318657061,118,2950,-0.10922,-0.39546,-0.44255,
318657061,119,2975,0.45113,-0.039997,
318657061,120,3000,-0.42305,
324124114,1,0,0,0,0,0,
324124114,2,25,-0.66445,-0.16045,0.28695,0.32999,
324124114,3,51,-0.12516,-0.10617,0.032075,-0.19071,
324124114,4,76,-0.16818,-0.17981,-0.072726,-0.10822,
324124114,5,101,-0.21143,0.0020775,-0.34763,0.32489,
324124114,6,126,-0.28259,0.022149,0.017303,0.13852,
324124114,7,152,0.29237,0.25301,-0.40982,0.49254,
324124114,8,177,-0.28599,0.12319,-0.56889,0.30833,
324124114,9,202,0.023151,0.62299,-0.050202,0.47857,
324124114,10,227,0.24441,0.64346,0.07543,0.24383,
324124114,11,253,0.39324,0.15989,0.068133,0.75042,
324124114,12,278,0.62957,-0.0079788,0.56419,0.67661,
324124114,13,303,0.48895,-0.0062217,0.4196,1.0481,
324124114,14,328,0.45171,0.53913,0.44033,0.9341,
324124114,15,354,0.68807,0.16092,0.23077,0.82824,
324124114,16,379,0.85367,0.18934,0.92419,0.95676,
324124114,17,404,0.98743,0.45494,0.92465,0.85721,
324124114,18,429,0.92653,0.32929,1.0854,0.76562,
324124114,19,455,1.15,0.36983,0.51289,0.99763,
324124114,20,480,0.90759,0.51024,0.96184,1.3033,
324124114,21,505,0.99003,0.21987,1.347,1.1356,
324124114,22,530,0.82878,0.42924,1.4671,1.4649,
324124114,23,556,0.62687,0.31757,1.3771,1.2992,
324124114,24,581,1.4275,0.49762,1.6258,1.1901,
324124114,25,606,1.3056,0.73787,1.7638,1.1245,
324124114,26,632,1.3339,0.33715,1.5713,1.2607,
324124114,27,657,1.5078,0.17524,1.5901,1.4335,
324124114,28,682,1.4587,0.23781,2.1066,1.2536,
324124114,29,707,1.4523,0.71577,1.1817,1.7288,
324124114,30,733,1.4059,0.74704,1.5606,0.96719,
324124114,31,758,1.6347,0.70689,1.7324,1.6575,
324124114,32,783,1.6383,0.94718,1.4366,1.5506,
324124114,33,808,1.7138,1.1886,1.6366,1.9029,
324124114,34,834,1.7074,0.76958,0.54987,1.5326,
324124114,35,859,1.6711,1.06,0.4965,1.5507,
324124114,36,884,2.0726,0.38179,0.2144,1.2825,
324124114,37,909,1.4477,1.6442,0.056616,1.8431,
324124114,38,935,1.721,1.1718,0.1642,1.4581,
324124114,39,960,1.3836,0.87262,0.34895,1.4612,
324124114,40,985,1.8126,0.96693,0.36903,1.6571,
324124114,41,1010,1.4204,0.71638,0.20865,1.8232,
324124114,42,1036,1.4487,0.6903,-0.028302,1.8569,
324124114,43,1061,1.3465,0.5331,0.054226,1.9243,
324124114,44,1086,1.2884,0.846,0.77952,1.6571,
324124114,45,1111,1.6227,1.1351,0.41505,1.6929,
324124114,46,1137,1.7668,1.0544,0.59241,1.7181,
324124114,47,1162,1.7058,1.2876,0.32837,1.7526,
324124114,48,1187,1.857,1.1763,0.21922,1.5946,
324124114,49,1213,1.9267,0.87295,0.14627,1.4301,
324124114,50,1238,2.1951,0.48308,0.13782,1.5186,
324124114,51,1263,2.0507,0.64179,-0.14416,1.699,
324124114,52,1288,2.2651,0.53867,-0.30363,0.96719,
324124114,53,1314,2.3489,0.48586,-0.70107,1.3827,
324124114,54,1339,2.1248,0.40633,-0.86505,1.5253,
324124114,55,1364,2.118,0.52825,-0.65843,0.36102,
324124114,56,1389,2.1158,0.65827,-0.11989,0.60861,
324124114,57,1415,2.0037,0.23786,-0.047572,0.72127,
324124114,58,1440,2.4339,0.51448,-0.26426,1.0452,
324124114,59,1465,2.187,-0.17216,-0.46507,0.62816,
324124114,60,1490,2.2808,0.041686,-0.53191,0.6217,
324124114,61,1516,2.2441,-0.67875,-0.5025,0.94309,
324124114,62,1541,1.5158,-0.2484,-0.15352,0.50321,
324124114,63,1566,1.5747,-0.77426,-0.21027,0.088096,
324124114,64,1591,1.6687,-0.67984,-0.26219,0.44827,
324124114,65,1617,1.4309,-0.41448,-0.0049064,0.33129,
324124114,66,1642,1.2987,-0.39141,-0.41323,0.0042606,
324124114,67,1667,1.2116,-0.28952,-0.63668,0.69168,
324124114,68,1692,1.0003,-0.97162,-0.57202,0.18653,
324124114,69,1718,0.63738,-0.78959,-0.21743,-0.099496,
324124114,70,1743,0.81401,-1.5197,-0.053073,0.066886,
324124114,71,1768,0.6352,-1.9476,0.054608,0.085307,
324124114,72,1793,1.0615,-1.7037,0.14184,0.69757,
324124114,73,1819,1.1101,-1.5737,0.053883,0.90208,
324124114,74,1844,1.0466,-1.4265,0.45311,0.90689,
324124114,75,1869,0.83714,-1.3517,0.2172,0.76768,
324124114,76,1895,0.57631,-1.7282,-0.090236,1.0401,
324124114,77,1920,0.9585,-1.2363,0.024358,0.79541,
324124114,78,1945,0.79385,-1.4252,-0.1664,1.0019,
324124114,79,1970,0.60777,-1.3809,-1.0466,0.79523,
324124114,80,1996,0.87597,-1.3519,-0.51025,-0.16417,
324124114,81,2021,0.5291,-1.4181,-0.98869,0.51179,
324124114,82,2046,0.82721,-1.3041,-1.1267,0.15075,
324124114,83,2071,0.60012,-0.97486,-1.3139,1.0849,
324124114,84,2097,0.58638,-0.6403,-0.66801,1.1415,
324124114,85,2122,-0.0074795,-1.3819,-0.74141,0.97734,
324124114,86,2147,0.046776,-1.204,-0.84152,0.01905,
324124114,87,2172,0.48291,-0.95741,-1.3006,0.4046,
324124114,88,2198,0.68385,-1.1385,-1.5756,0.20804,
324124114,89,2223,0.59954,-1.0058,-1.027,0.55015,
324124114,90,2248,0.81004,-1.5696,-1.2205,0.89814,
324124114,91,2273,0.45746,-1.3182,-0.94553,0.23316,
324124114,92,2299,0.63972,-0.66234,-1.1797,0.68113,
324124114,93,2324,0.76909,-0.75703,-0.94667,0.82153,
324124114,94,2349,1.0571,-0.50189,0.59201,
324124114,95,2374,0.090136,0.37145,
324124114,96,2400,-0.12327,-0.52115,
324124114,97,2425,0.42402,
